,0,1,2,3,4,5,6,7,8
0,GO FIRST,G8- 328,13:20,Delhi,02h 00m,0,15:20,Mumbai,5950
1,GO FIRST,G8- 334,07:00,Delhi,02h 10m,0,09:10,Mumbai,5950
2,GO FIRST,G8- 336,14:30,Delhi,02h 10m,0,16:40,Mumbai,5950
3,SpiceJet,SG-8701,07:20,Delhi,02h 15m,0,09:35,Mumbai,5950
4,GO FIRST,G8- 323,18:20,Delhi,02h 15m,0,20:35,Mumbai,5950
5,SpiceJet,SG-8169,19:45,Delhi,02h 15m,0,22:00,Mumbai,5950
6,GO FIRST,G8- 330,20:50,Delhi,02h 15m,0,23:05,Mumbai,5950
7,SpiceJet,SG- 711,21:40,Delhi,02h 15m,0,23:55,Mumbai,5950
8,GO FIRST,G8- 354,22:45,Delhi,02h 15m,0,01:00,Mumbai,5950
9,Indigo,6E-5306,15:25,Delhi,01h 55m,0,17:20,Mumbai,5954
10,Indigo,6E-2009,02:10,Delhi,02h 00m,0,04:10,Mumbai,5954
11,Indigo,6E-2138,11:55,Delhi,02h 00m,0,13:55,Mumbai,5954
12,Indigo,6E-5023,06:30,Delhi,02h 05m,0,08:35,Mumbai,5954
13,Indigo,6E-5342,10:45,Delhi,02h 05m,0,12:50,Mumbai,5954
14,Indigo,6E-5318,17:00,Delhi,02h 05m,0,19:05,Mumbai,5954
15,Indigo,6E-2519,23:35,Delhi,02h 05m,0,01:40,Mumbai,5954
16,Indigo,6E-2112,05:30,Delhi,02h 10m,0,07:40,Mumbai,5954
17,Indigo,6E-6814,07:20,Delhi,02h 10m,0,09:30,Mumbai,5954
18,Indigo,6E- 864,16:15,Delhi,02h 10m,0,18:25,Mumbai,5954
19,Indigo,6E-6278,08:45,Delhi,02h 15m,0,11:00,Mumbai,5954
20,Indigo,6E-2114,21:55,Delhi,02h 15m,0,00:10,Mumbai,5954
21,Indigo,6E-2129,08:00,Delhi,02h 20m,0,10:20,Mumbai,5954
22,Indigo,6E-5328,09:35,Delhi,02h 25m,0,12:00,Mumbai,5954
23,Vistara,UK-975,05:55,Delhi,02h 00m,0,07:55,Mumbai,5955
24,Air India,AI-887,07:00,Delhi,02h 05m,0,09:05,Mumbai,5955
25,Air India,AI-665,08:00,Delhi,02h 10m,0,10:10,Mumbai,5955
26,Vistara,UK-951,14:20,Delhi,02h 10m,0,16:30,Mumbai,5955
27,Air India,AI-814,22:30,Delhi,02h 10m,0,00:40,Mumbai,5955
28,Air India,AI-678,09:00,Delhi,02h 15m,0,11:15,Mumbai,5955
29,Vistara,UK-993,12:45,Delhi,02h 15m,0,15:00,Mumbai,5955
30,Air India,AI-863,14:00,Delhi,02h 15m,0,16:15,Mumbai,5955
31,Vistara,UK-945,11:40,Delhi,02h 20m,0,14:00,Mumbai,5955
32,Air India,AI-605,21:15,Delhi,02h 20m,0,23:35,Mumbai,5955
33,Air India,AI-865,10:00,Delhi,02h 35m,0,12:35,Mumbai,5955
39,Indigo,6E-2017,18:10,Delhi,02h 15m,0,20:25,Mumbai,6164
40,Air India,AI-805,20:00,Delhi,02h 10m,0,22:10,Mumbai,6165
41,Air India,AI-441,17:55,Delhi,02h 15m,0,20:10,Mumbai,6165
42,Air India,AI-624,19:00,Delhi,02h 15m,0,21:15,Mumbai,6165
43,Indigo,6E-6261,19:45,Delhi,02h 10m,0,21:55,Mumbai,6374
44,Vistara,UK-927,09:30,Delhi,02h 05m,0,11:35,Mumbai,6827
45,Vistara,UK-941,16:55,Delhi,02h 10m,0,19:05,Mumbai,6827
46,Vistara,UK-981,21:30,Delhi,02h 10m,0,23:40,Mumbai,6827
47,Vistara,UK-943,07:30,Delhi,02h 15m,0,09:45,Mumbai,6827
48,Vistara,UK-963,08:50,Delhi,02h 20m,0,11:10,Mumbai,6827
49,Vistara,UK-955,17:45,Delhi,02h 20m,0,20:05,Mumbai,6827
50,Vistara,UK-933,15:30,Delhi,02h 10m,0,17:40,Mumbai,7698
51,Vistara,UK-985,19:45,Delhi,02h 10m,0,21:55,Mumbai,7698
52,Vistara,UK-953,20:40,Delhi,02h 10m,0,22:50,Mumbai,7698
53,Vistara,UK-995,10:20,Delhi,02h 15m,0,12:35,Mumbai,7698
60,Vistara,UK-977,19:00,Delhi,02h 15m,0,21:15,Mumbai,8578
250,Vistara,UK-969,18:10,Delhi,05h 05m,1,23:15,Mumbai,6092
251,Vistara,UK-929,21:20,Delhi,12h 20m,1,09:40,Mumbai,6092
252,Vistara,UK-969,18:10,Delhi,15h 30m,1,09:40,Mumbai,6092
253,Vistara,UK-959,06:30,Delhi,16h 45m,1,23:15,Mumbai,6092
254,Vistara,UK-929,21:20,Delhi,25h 55m,1,23:15,Mumbai,6092
270,Indigo,6E- 761,18:55,Delhi,05h 10m,1,00:05,Mumbai,7897
272,GO FIRST,G8- 719,05:30,Delhi,10h 00m,1,15:30,Mumbai,8579
273,GO FIRST,G8- 101,05:45,Delhi,13h 45m,1,19:30,Mumbai,8579
274,SpiceJet,SG-3701,05:45,Delhi,11h 35m,1,17:20,Mumbai,8947
275,Indigo,6E- 153,19:35,Delhi,05h 05m,1,00:40,Mumbai,8543
277,Indigo,6E- 184,09:50,Delhi,04h 25m,1,14:15,Mumbai,8579
278,Indigo,6E-6373,06:30,Delhi,04h 50m,1,11:20,Mumbai,8579
279,Indigo,6E-2141,13:35,Delhi,05h 10m,1,18:45,Mumbai,8579
280,Indigo,6E-2033,00:15,Delhi,05h 15m,1,05:30,Mumbai,8579
281,Indigo,6E- 184,09:50,Delhi,05h 55m,1,15:45,Mumbai,8579
282,Indigo,6E-2141,13:35,Delhi,06h 05m,1,19:40,Mumbai,8579
283,Air India,AI-636,14:30,Delhi,03h 40m,1,18:10,Mumbai,8580
284,SpiceJet,SG-8207,08:45,Delhi,15h 10m,1,23:55,Mumbai,9226
285,Indigo,6E-6264,17:40,Delhi,03h 35m,1,21:15,Mumbai,8842
286,Air India,AI-433,11:10,Delhi,22h 30m,1,09:40,Mumbai,8862
287,Air India,AI-481,08:25,Delhi,13h 40m,1,22:05,Mumbai,9210
288,Air India,AI-817,05:15,Delhi,16h 50m,1,22:05,Mumbai,9210
289,Vistara,UK-929,21:20,Delhi,08h 55m,1,06:15,Mumbai,9242
290,Vistara,UK-969,18:10,Delhi,12h 05m,1,06:15,Mumbai,9242
291,AirAsia,I5-773,20:00,Delhi,11h 05m,1,07:05,Mumbai,10808
292,Air India,AI-443,05:20,Delhi,04h 40m,1,10:00,Mumbai,9566
293,SpiceJet,SG-2950,06:10,Delhi,13h 10m,1,19:20,Mumbai,10126
294,Indigo,6E-2168,17:50,Delhi,04h 20m,1,22:10,Mumbai,9682
295,AirAsia,I5-744,08:00,Delhi,06h 05m,1,14:05,Mumbai,10629
296,SpiceJet,SG-8724,10:40,Delhi,27h 00m,1,13:40,Mumbai,10152
297,Vistara,UK-959,06:30,Delhi,23h 45m,1,06:15,Mumbai,9767
298,Indigo,6E-2331,06:40,Delhi,05h 30m,1,12:10,Mumbai,9787
299,Indigo,6E-2774,07:55,Delhi,05h 30m,1,13:25,Mumbai,9787
300,Vistara,UK-829,07:20,Delhi,07h 10m,1,14:30,Mumbai,9840
301,Vistara,UK-859,10:25,Delhi,12h 35m,1,23:00,Mumbai,9840
302,Vistara,UK-829,07:20,Delhi,15h 40m,1,23:00,Mumbai,9840
303,Vistara,UK-859,10:25,Delhi,22h 15m,1,08:40,Mumbai,9840
304,Vistara,UK-859,10:25,Delhi,23h 35m,1,10:00,Mumbai,9840
305,Vistara,UK-829,07:20,Delhi,25h 20m,1,08:40,Mumbai,9840
306,Vistara,UK-829,07:20,Delhi,26h 40m,1,10:00,Mumbai,9840
307,AirAsia,I5-745,13:00,Delhi,05h 20m,1,18:20,Mumbai,11226
308,AirAsia,I5-548,07:20,Delhi,11h 00m,1,18:20,Mumbai,11226
309,SpiceJet,SG-2969,13:05,Delhi,22h 15m,1,11:20,Mumbai,10363
310,Air India,AI-504,21:15,Delhi,23h 50m,1,21:05,Mumbai,9978
311,SpiceJet,SG- 272,09:50,Delhi,06h 20m,1,16:10,Mumbai,10448
312,SpiceJet,SG- 918,16:35,Delhi,21h 00m,1,13:35,Mumbai,10448
313,SpiceJet,SG-8150,15:45,Delhi,21h 50m,1,13:35,Mumbai,10448
314,GO FIRST,G8- 719,05:30,Delhi,13h 40m,1,19:10,Mumbai,10545
315,GO FIRST,G8- 713,19:15,Delhi,13h 50m,1,09:05,Mumbai,10545
316,Indigo,6E-6823,18:05,Delhi,05h 05m,1,23:10,Mumbai,10207
317,Indigo,6E-2187,15:00,Delhi,05h 45m,1,20:45,Mumbai,10207
318,Air India,AI-429,09:45,Delhi,07h 25m,1,17:10,Mumbai,10229
319,Air India,AI-439,05:55,Delhi,11h 15m,1,17:10,Mumbai,10229
320,Air India,AI-429,09:45,Delhi,13h 55m,1,23:40,Mumbai,10229
321,Air India,AI-439,05:55,Delhi,17h 45m,1,23:40,Mumbai,10229
322,Air India,AI-429,09:45,Delhi,22h 20m,1,08:05,Mumbai,10229
323,Indigo,6E-6022,11:15,Delhi,05h 40m,1,16:55,Mumbai,10259
324,Air India,AI-803,06:10,Delhi,17h 05m,1,23:15,Mumbai,10293
325,Air India,AI-560,07:10,Delhi,07h 50m,1,15:00,Mumbai,10365
326,Air India,AI-537,16:15,Delhi,07h 25m,1,23:40,Mumbai,10439
327,Air India,AI-537,16:15,Delhi,15h 50m,1,08:05,Mumbai,10439
328,AirAsia,I5-798,12:50,Delhi,10h 55m,1,23:45,Mumbai,11858
329,Air India,AI-803,06:10,Delhi,14h 55m,1,21:05,Mumbai,10503
330,Indigo,6E-6187,15:15,Delhi,06h 10m,1,21:25,Mumbai,10574
331,Air India,AI-560,07:10,Delhi,26h 40m,1,09:50,Mumbai,10575
332,SpiceJet,SG- 918,16:35,Delhi,23h 35m,1,16:10,Mumbai,11030
333,SpiceJet,SG-8150,15:45,Delhi,24h 25m,1,16:10,Mumbai,11030
334,GO FIRST,G8- 165,12:40,Delhi,06h 00m,1,18:40,Mumbai,11072
335,Air India,AI-537,16:15,Delhi,18h 00m,1,10:15,Mumbai,10649
336,SpiceJet,SG- 957,15:10,Delhi,14h 05m,1,05:15,Mumbai,11100
337,Vistara,UK-899,14:45,Delhi,08h 15m,1,23:00,Mumbai,10712
338,Vistara,UK-871,20:35,Delhi,12h 05m,1,08:40,Mumbai,10712
339,Vistara,UK-871,20:35,Delhi,13h 25m,1,10:00,Mumbai,10712
340,Air India,AI-544,16:50,Delhi,17h 00m,1,09:50,Mumbai,10785
341,Air India,AI-544,16:50,Delhi,22h 10m,1,15:00,Mumbai,10785
342,Indigo,6E-2153,13:25,Delhi,05h 50m,1,19:15,Mumbai,10837
343,Air India,AI-504,21:15,Delhi,11h 20m,1,08:35,Mumbai,10923
344,Air India,AI-540,20:40,Delhi,11h 25m,1,08:05,Mumbai,10964
345,Air India,AI-504,21:15,Delhi,13h 20m,1,10:35,Mumbai,11133
346,Air India,AI-540,20:40,Delhi,13h 35m,1,10:15,Mumbai,11174
347,Indigo,6E- 307,05:30,Delhi,05h 30m,1,11:00,Mumbai,11204
348,Air India,AI-411,07:05,Delhi,09h 20m,1,16:25,Mumbai,11310
349,Air India,AI-502,13:30,Delhi,09h 45m,1,23:15,Mumbai,11448
350,AirAsia,I5-1529,09:35,Delhi,11h 05m,1,20:40,Mumbai,12543
351,AirAsia,I5-1529,09:35,Delhi,11h 45m,1,21:20,Mumbai,12543
352,AirAsia,I5-740,08:10,Delhi,12h 30m,1,20:40,Mumbai,12543
353,AirAsia,I5-740,08:10,Delhi,13h 10m,1,21:20,Mumbai,12543
354,AirAsia,I5-1529,09:35,Delhi,15h 05m,1,00:40,Mumbai,12543
355,SpiceJet,SG-2962,06:15,Delhi,05h 40m,1,11:55,Mumbai,12044
356,Vistara,UK-637,17:10,Delhi,05h 10m,1,22:20,Mumbai,11623
357,AirAsia,I5-552,10:40,Delhi,13h 05m,1,23:45,Mumbai,13014
358,Air India,AI-502,13:30,Delhi,07h 35m,1,21:05,Mumbai,11658
359,AirAsia,I5-721,21:00,Delhi,10h 15m,1,07:15,Mumbai,12944
360,Air India,AI-453,05:00,Delhi,06h 35m,1,11:35,Mumbai,11900
361,AirAsia,I5-857,18:45,Delhi,05h 55m,1,00:40,Mumbai,13017
362,Air India,AI-560,07:10,Delhi,16h 40m,1,23:50,Mumbai,12045
363,Indigo,6E-5012,10:10,Delhi,06h 25m,1,16:35,Mumbai,12097
364,Indigo,6E- 308,08:20,Delhi,05h 30m,1,13:50,Mumbai,12098
365,Indigo,6E-5009,06:55,Delhi,05h 50m,1,12:45,Mumbai,12098
366,Air India,AI-479,21:15,Delhi,14h 20m,1,11:35,Mumbai,12110
367,Indigo,6E-6827,09:15,Delhi,06h 20m,1,15:35,Mumbai,12197
368,Air India,AI-403,12:50,Delhi,06h 25m,1,19:15,Mumbai,12222
369,Air India,AI-544,16:50,Delhi,07h 00m,1,23:50,Mumbai,12255
370,Vistara,UK-706,13:40,Delhi,08h 40m,1,22:20,Mumbai,12284
371,AirAsia,I5-1732,21:50,Delhi,09h 25m,1,07:15,Mumbai,13416
372,AirAsia,I5-857,18:45,Delhi,12h 30m,1,07:15,Mumbai,13416
373,Air India,AI-807,17:15,Delhi,06h 00m,1,23:15,Mumbai,12498
374,Air India,AI-506,09:45,Delhi,11h 20m,1,21:05,Mumbai,12498
375,SpiceJet,SG-8171,12:05,Delhi,17h 10m,1,05:15,Mumbai,12990
376,Air India,AI-839,21:30,Delhi,12h 20m,1,09:50,Mumbai,12675
377,Air India,AI-839,21:30,Delhi,17h 30m,1,15:00,Mumbai,12675
378,SpiceJet,SG-8171,12:05,Delhi,06h 45m,1,18:50,Mumbai,13148
379,Air India,AI-471,13:15,Delhi,04h 50m,1,18:05,Mumbai,12728
380,Indigo,6E-5186,13:00,Delhi,05h 30m,1,18:30,Mumbai,12885
381,Indigo,6E-6612,06:00,Delhi,05h 35m,1,11:35,Mumbai,12898
382,Air India,AI-815,15:30,Delhi,07h 45m,1,23:15,Mumbai,13023
383,Vistara,UK-787,10:30,Delhi,13h 00m,1,23:30,Mumbai,13200
384,Air India,AI-815,15:30,Delhi,05h 35m,1,21:05,Mumbai,13233
385,Air India,AI-542,09:45,Delhi,05h 15m,1,15:00,Mumbai,13358
386,Vistara,UK-673,13:20,Delhi,05h 00m,1,18:20,Mumbai,13725
387,Vistara,UK-643,14:10,Delhi,04h 50m,1,19:00,Mumbai,13746
388,Indigo,6E-2015,18:30,Delhi,06h 00m,1,00:30,Mumbai,14093
389,Vistara,UK-611,10:20,Delhi,08h 40m,1,19:00,Mumbai,14311
390,SpiceJet,SG-8485,11:30,Delhi,07h 25m,1,18:55,Mumbai,15277
391,Indigo,6E-2487,17:15,Delhi,05h 45m,1,23:00,Mumbai,14880
392,Air India,AI-542,09:45,Delhi,14h 05m,1,23:50,Mumbai,15038
393,Air India,AI-465,16:55,Delhi,17h 15m,1,10:10,Mumbai,15303
394,GO FIRST,G8- 119,20:45,Delhi,10h 30m,1,07:15,Mumbai,16005
395,GO FIRST,G8- 119,20:45,Delhi,13h 20m,1,10:05,Mumbai,16005
396,Indigo,6E-2091,06:25,Delhi,05h 15m,1,11:40,Mumbai,15824
397,GO FIRST,G8- 113,05:50,Delhi,16h 25m,1,22:15,Mumbai,16425
398,Vistara,UK-781,17:50,Delhi,05h 40m,1,23:30,Mumbai,16035
399,Vistara,UK-737,15:55,Delhi,07h 35m,1,23:30,Mumbai,16056
400,Vistara,UK-839,13:35,Delhi,09h 00m,1,22:35,Mumbai,16056
401,Vistara,UK-835,19:55,Delhi,13h 05m,1,09:00,Mumbai,16056
402,Vistara,UK-855,18:40,Delhi,20h 05m,1,14:45,Mumbai,16067
403,Air India,AI-406,10:15,Delhi,05h 25m,1,15:40,Mumbai,16088
404,Vistara,UK-817,16:05,Delhi,05h 45m,1,21:50,Mumbai,16623
405,Vistara,UK-813,17:35,Delhi,05h 50m,1,23:25,Mumbai,16623
406,Vistara,UK-819,14:15,Delhi,06h 00m,1,20:15,Mumbai,16623
407,Vistara,UK-819,14:15,Delhi,06h 25m,1,20:40,Mumbai,16623
408,Vistara,UK-817,16:05,Delhi,07h 20m,1,23:25,Mumbai,16623
409,Vistara,UK-819,14:15,Delhi,07h 35m,1,21:50,Mumbai,16623
410,Vistara,UK-819,14:15,Delhi,09h 10m,1,23:25,Mumbai,16623
411,Vistara,UK-801,09:05,Delhi,11h 10m,1,20:15,Mumbai,16623
412,Vistara,UK-801,09:05,Delhi,11h 35m,1,20:40,Mumbai,16623
413,Vistara,UK-807,20:40,Delhi,11h 35m,1,08:15,Mumbai,16623
414,Vistara,UK-833,07:00,Delhi,07h 30m,1,14:30,Mumbai,16644
415,Vistara,UK-747,06:15,Delhi,06h 45m,1,13:00,Mumbai,16726
416,Vistara,UK-747,06:15,Delhi,14h 05m,1,20:20,Mumbai,16726
417,Air India,AI-885,10:45,Delhi,05h 50m,1,16:35,Mumbai,16875
418,Indigo,6E-6817,15:00,Delhi,05h 50m,1,20:50,Mumbai,16927
419,Vistara,UK-833,07:00,Delhi,15h 35m,1,22:35,Mumbai,17516
420,Vistara,UK-705,07:30,Delhi,05h 30m,1,13:00,Mumbai,17606
421,Vistara,UK-705,07:30,Delhi,12h 50m,1,20:20,Mumbai,17606
422,Air India,AI-401,06:50,Delhi,13h 25m,1,20:15,Mumbai,17820
423,SpiceJet,SG- 957,15:10,Delhi,23h 45m,1,14:55,Mumbai,19184
424,Indigo,6E-5161,12:25,Delhi,05h 30m,1,17:55,Mumbai,18817
425,Air India,AI-767,12:10,Delhi,08h 05m,1,20:15,Mumbai,18923
426,Vistara,UK-707,17:30,Delhi,06h 00m,1,23:30,Mumbai,19248
427,Indigo,6E-2134,13:55,Delhi,05h 30m,1,19:25,Mumbai,19814
428,Air India,AI-801,15:00,Delhi,07h 40m,1,22:40,Mumbai,20130
429,Air India,AI-877,11:10,Delhi,06h 05m,1,17:15,Mumbai,20550
430,GO FIRST,G8- 286,10:40,Delhi,08h 10m,1,18:50,Mumbai,21339
431,GO FIRST,G8- 286,10:40,Delhi,09h 15m,1,19:55,Mumbai,21839
487,GO FIRST,G8- 199,13:45,Delhi,08h 45m,2,22:30,Mumbai,8579
648,GO FIRST,G8- 327,07:55,Mumbai,02h 05m,0,10:00,Delhi,5942
649,GO FIRST,G8- 339,16:00,Mumbai,02h 05m,0,18:05,Delhi,5942
650,GO FIRST,G8- 319,09:45,Mumbai,02h 10m,0,11:55,Delhi,5942
651,GO FIRST,G8- 345,23:40,Mumbai,02h 10m,0,01:50,Delhi,5942
652,SpiceJet,SG- 712,00:35,Mumbai,02h 15m,0,02:50,Delhi,5942
653,SpiceJet,SG-8152,07:20,Mumbai,02h 15m,0,09:35,Delhi,5942
654,GO FIRST,G8- 341,19:30,Mumbai,02h 15m,0,21:45,Delhi,5942
655,SpiceJet,SG-8158,20:00,Mumbai,02h 25m,0,22:25,Delhi,5942
656,GO FIRST,G8- 322,21:15,Mumbai,02h 15m,0,23:30,Delhi,6241
657,Indigo,6E-2111,02:40,Mumbai,01h 55m,0,04:35,Delhi,5943
658,Vistara,UK-952,12:25,Mumbai,01h 55m,0,14:20,Delhi,5943
659,Indigo,6E- 993,14:35,Mumbai,02h 00m,0,16:35,Delhi,5943
660,Vistara,UK-954,06:00,Mumbai,02h 05m,0,08:05,Delhi,5943
661,Vistara,UK-928,06:30,Mumbai,02h 05m,0,08:35,Delhi,5943
662,Indigo,6E-5398,07:00,Mumbai,02h 05m,0,09:05,Delhi,5943
663,Air India,AI-864,07:00,Mumbai,02h 05m,0,09:05,Delhi,5943
664,Indigo,6E- 168,12:05,Mumbai,02h 05m,0,14:10,Delhi,5943
665,Indigo,6E-5356,12:40,Mumbai,02h 05m,0,14:45,Delhi,5943
666,Indigo,6E-5332,06:05,Mumbai,02h 10m,0,08:15,Delhi,5943
667,Indigo,6E-5341,07:45,Mumbai,02h 10m,0,09:55,Delhi,5943
668,Indigo,6E-2137,08:30,Mumbai,02h 10m,0,10:40,Delhi,5943
669,Indigo,6E-6821,10:10,Mumbai,02h 10m,0,12:20,Delhi,5943
670,Vistara,UK-960,11:55,Mumbai,02h 10m,0,14:05,Delhi,5943
671,Indigo,6E- 439,19:30,Mumbai,02h 10m,0,21:40,Delhi,5943
672,Indigo,6E- 248,23:30,Mumbai,02h 10m,0,01:40,Delhi,5943
673,Air India,AI-806,08:00,Mumbai,02h 15m,0,10:15,Delhi,5943
674,Indigo,6E-2172,09:25,Mumbai,02h 15m,0,11:40,Delhi,5943
675,Air India,AI-677,13:00,Mumbai,02h 15m,0,15:15,Delhi,5943
676,Indigo,6E-2012,15:55,Mumbai,02h 15m,0,18:10,Delhi,5943
677,Vistara,UK-986,22:45,Mumbai,02h 15m,0,01:00,Delhi,5943
678,Indigo,6E-2056,04:50,Mumbai,02h 20m,0,07:10,Delhi,5943
679,Air India,AI-866,09:00,Mumbai,02h 20m,0,11:20,Delhi,5943
680,Air India,AI-809,10:00,Mumbai,02h 20m,0,12:20,Delhi,5943
681,Indigo,6E-2518,20:35,Mumbai,02h 20m,0,22:55,Delhi,5943
691,Air India,AI-442,17:00,Mumbai,02h 10m,0,19:10,Delhi,6153
692,Air India,AI-660,18:00,Mumbai,02h 10m,0,20:10,Delhi,6153
693,Air India,AI-888,19:00,Mumbai,02h 15m,0,21:15,Delhi,6153
694,Air India,AI-816,21:00,Mumbai,02h 15m,0,23:15,Delhi,6153
695,Air India,AI-687,16:00,Mumbai,02h 20m,0,18:20,Delhi,6153
696,Indigo,6E-2113,18:35,Mumbai,02h 10m,0,20:45,Delhi,6363
697,Vistara,UK-930,07:30,Mumbai,02h 05m,0,09:35,Delhi,6815
698,Vistara,UK-970,08:45,Mumbai,02h 15m,0,11:00,Delhi,6815
699,Vistara,UK-944,14:40,Mumbai,02h 15m,0,16:55,Delhi,6815
700,Vistara,UK-950,21:55,Mumbai,02h 15m,0,00:10,Delhi,6815
702,Vistara,UK-910,17:35,Mumbai,02h 05m,0,19:40,Delhi,7686
703,Vistara,UK-994,10:25,Mumbai,02h 15m,0,12:40,Delhi,7686
704,Vistara,UK-902,15:45,Mumbai,02h 20m,0,18:05,Delhi,7686
714,Vistara,UK-988,20:55,Mumbai,02h 05m,0,23:00,Delhi,8566
715,Vistara,UK-996,18:30,Mumbai,02h 10m,0,20:40,Delhi,8566
716,Vistara,UK-940,19:45,Mumbai,02h 10m,0,21:55,Delhi,8566
900,Vistara,UK-939,06:35,Mumbai,03h 50m,1,10:25,Delhi,6080
901,Vistara,UK-919,22:35,Mumbai,09h 45m,1,08:20,Delhi,6080
902,Vistara,UK-919,22:35,Mumbai,11h 50m,1,10:25,Delhi,6080
903,Vistara,UK-949,20:00,Mumbai,12h 20m,1,08:20,Delhi,6080
904,Vistara,UK-949,20:00,Mumbai,14h 25m,1,10:25,Delhi,6080
905,Vistara,UK-939,06:35,Mumbai,15h 25m,1,22:00,Delhi,6080
906,Vistara,UK-919,22:35,Mumbai,23h 25m,1,22:00,Delhi,6080
907,Vistara,UK-939,06:35,Mumbai,25h 45m,1,08:20,Delhi,6080
908,Vistara,UK-949,20:00,Mumbai,26h 00m,1,22:00,Delhi,6080
919,AirAsia,I5-678,15:25,Mumbai,07h 45m,1,23:10,Delhi,7543
923,Indigo,6E- 624,23:00,Mumbai,08h 40m,1,07:40,Delhi,8096
924,GO FIRST,G8- 364,16:00,Mumbai,05h 35m,1,21:35,Delhi,8566
925,GO FIRST,G8- 364,16:00,Mumbai,07h 10m,1,23:10,Delhi,8566
926,GO FIRST,G8- 363,21:00,Mumbai,12h 20m,1,09:20,Delhi,8566
927,AirAsia,I5-765,13:20,Mumbai,11h 45m,1,01:05,Delhi,9747
928,Air India,AI-633,05:45,Mumbai,09h 15m,1,15:00,Delhi,8325
929,AirAsia,I5-765,13:20,Mumbai,08h 45m,1,22:05,Delhi,9957
930,SpiceJet,SG-2901,14:15,Mumbai,20h 10m,1,10:25,Delhi,8936
931,Indigo,6E-2047,09:25,Mumbai,08h 40m,1,18:05,Delhi,8516
935,Air India,AI-635,07:20,Mumbai,03h 40m,1,11:00,Delhi,8568
936,Indigo,6E- 802,16:40,Mumbai,04h 15m,1,20:55,Delhi,8568
937,Indigo,6E-6993,19:00,Mumbai,04h 15m,1,23:15,Delhi,8568
938,Indigo,6E-5273,12:40,Mumbai,04h 35m,1,17:15,Delhi,8568
939,Indigo,6E-5275,07:50,Mumbai,05h 45m,1,13:35,Delhi,8568
940,Indigo,6E- 802,16:40,Mumbai,06h 35m,1,23:15,Delhi,8568
941,Indigo,6E-5273,12:40,Mumbai,07h 00m,1,19:40,Delhi,8568
942,Indigo,6E- 213,06:25,Mumbai,07h 10m,1,13:35,Delhi,8568
943,Indigo,6E-5293,00:35,Mumbai,08h 50m,1,09:25,Delhi,8568
944,Indigo,6E-5273,12:40,Mumbai,10h 35m,1,23:15,Delhi,8568
945,Indigo,6E- 213,06:25,Mumbai,10h 50m,1,17:15,Delhi,8568
946,Indigo,6E-5327,14:55,Mumbai,08h 20m,1,23:15,Delhi,8723
947,Indigo,6E-5293,00:35,Mumbai,05h 15m,1,05:50,Delhi,8889
948,Indigo,6E-5293,00:35,Mumbai,06h 55m,1,07:30,Delhi,8889
949,Indigo,6E-5273,12:40,Mumbai,08h 15m,1,20:55,Delhi,8889
950,Indigo,6E-6993,19:00,Mumbai,10h 50m,1,05:50,Delhi,8889
951,Indigo,6E-5327,14:55,Mumbai,04h 45m,1,19:40,Delhi,9039
952,Indigo,6E-5327,14:55,Mumbai,06h 00m,1,20:55,Delhi,9039
953,Indigo,6E-6045,21:30,Mumbai,08h 20m,1,05:50,Delhi,9190
954,Indigo,6E-6045,21:30,Mumbai,10h 00m,1,07:30,Delhi,9190
955,Air India,AI-637,18:35,Mumbai,04h 45m,1,23:20,Delhi,9198
956,Indigo,6E-6735,17:45,Mumbai,04h 55m,1,22:40,Delhi,9244
957,Air India,AI-637,18:35,Mumbai,14h 45m,1,09:20,Delhi,9408
958,Air India,AI-637,18:35,Mumbai,18h 00m,1,12:35,Delhi,9408
959,Indigo,6E- 843,15:00,Mumbai,09h 05m,1,00:05,Delhi,9529
960,Indigo,6E-5275,07:50,Mumbai,09h 25m,1,17:15,Delhi,9639
961,Vistara,UK-651,17:00,Mumbai,26h 50m,1,19:50,Delhi,9650
962,Air India,AI-499,07:00,Mumbai,26h 45m,1,09:45,Delhi,9764
963,AirAsia,I5-331,04:05,Mumbai,06h 50m,1,10:55,Delhi,11213
964,Indigo,6E-5334,09:40,Mumbai,05h 30m,1,15:10,Delhi,9881
965,SpiceJet,SG- 385,05:50,Mumbai,10h 55m,1,16:45,Delhi,10352
966,SpiceJet,SG-2901,14:15,Mumbai,08h 00m,1,22:15,Delhi,10406
967,Indigo,6E-5261,13:45,Mumbai,05h 45m,1,19:30,Delhi,9986
968,Indigo,6E-5334,09:40,Mumbai,09h 50m,1,19:30,Delhi,9986
969,Air India,AI-625,11:15,Mumbai,10h 20m,1,21:35,Delhi,10038
970,AirAsia,I5-631,07:50,Mumbai,06h 30m,1,14:20,Delhi,11455
971,AirAsia,I5-631,07:50,Mumbai,12h 05m,1,19:55,Delhi,11455
972,Indigo,6E- 843,15:00,Mumbai,06h 15m,1,21:15,Delhi,10197
973,AirAsia,I5-679,20:40,Mumbai,05h 10m,1,01:50,Delhi,11635
974,Air India,AI-615,06:00,Mumbai,06h 20m,1,12:20,Delhi,10353
975,Air India,AI-572,15:15,Mumbai,07h 50m,1,23:05,Delhi,10427
976,Air India,AI-617,11:05,Mumbai,11h 55m,1,23:00,Delhi,10563
977,Air India,AI-615,06:00,Mumbai,17h 00m,1,23:00,Delhi,10563
978,Air India,AI-573,18:50,Mumbai,28h 15m,1,23:05,Delhi,10637
979,Vistara,UK-873,06:20,Mumbai,09h 15m,1,15:35,Delhi,10700
980,Air India,AI-572,15:15,Mumbai,17h 40m,1,08:55,Delhi,10742
981,AirAsia,I5-331,04:05,Mumbai,12h 25m,1,16:30,Delhi,12161
982,SpiceJet,SG- 201,14:15,Mumbai,19h 10m,1,09:25,Delhi,11271
983,Air India,AI-573,18:50,Mumbai,14h 05m,1,08:55,Delhi,10952
984,Air India,AI-570,05:25,Mumbai,07h 25m,1,12:50,Delhi,11004
985,SpiceJet,SG- 453,01:45,Mumbai,16h 00m,1,17:45,Delhi,11505
986,Air India,AI-671,09:00,Mumbai,14h 05m,1,23:05,Delhi,11214
987,Air India,AI-570,05:25,Mumbai,17h 40m,1,23:05,Delhi,11214
988,AirAsia,I5-331,04:05,Mumbai,15h 05m,1,19:10,Delhi,12685
989,SpiceJet,SG- 923,14:25,Mumbai,24h 40m,1,15:05,Delhi,11771
990,AirAsia,I5-338,19:00,Mumbai,06h 20m,1,01:20,Delhi,12449
991,AirAsia,I5-942,13:05,Mumbai,08h 05m,1,21:10,Delhi,12449
992,AirAsia,I5-942,13:05,Mumbai,12h 15m,1,01:20,Delhi,12449
993,SpiceJet,SG- 453,01:45,Mumbai,19h 15m,1,21:00,Delhi,11925
994,AirAsia,I5-1784,22:00,Mumbai,05h 30m,1,03:30,Delhi,12532
995,AirAsia,I5-1784,22:00,Mumbai,10h 55m,1,08:55,Delhi,12532
996,Vistara,UK-873,06:20,Mumbai,13h 35m,1,19:55,Delhi,11571
997,Air India,AI-671,09:00,Mumbai,10h 50m,1,19:50,Delhi,11739
998,Air India,AI-570,05:25,Mumbai,14h 25m,1,19:50,Delhi,11739
999,Indigo,6E- 814,12:15,Mumbai,04h 45m,1,17:00,Delhi,11771
1000,AirAsia,I5-1569,21:20,Mumbai,06h 10m,1,03:30,Delhi,12923
1001,AirAsia,I5-338,19:00,Mumbai,08h 30m,1,03:30,Delhi,12923
1002,AirAsia,I5-1569,21:20,Mumbai,11h 35m,1,08:55,Delhi,12923
1003,AirAsia,I5-338,19:00,Mumbai,13h 55m,1,08:55,Delhi,12923
1004,AirAsia,I5-942,13:05,Mumbai,14h 25m,1,03:30,Delhi,12923
1005,Vistara,UK-653,06:00,Mumbai,13h 50m,1,19:50,Delhi,12138
1006,Vistara,UK-873,06:20,Mumbai,06h 10m,1,12:30,Delhi,12451
1007,Air India,AI-619,20:10,Mumbai,12h 45m,1,08:55,Delhi,12663
1008,Air India,AI-639,09:30,Mumbai,06h 35m,1,16:05,Delhi,12696
1009,Air India,AI-603,06:10,Mumbai,09h 55m,1,16:05,Delhi,12696
1010,Air India,AI-639,09:30,Mumbai,10h 20m,1,19:50,Delhi,12906
1011,Air India,AI-603,06:10,Mumbai,13h 40m,1,19:50,Delhi,12906
1012,AirAsia,I5-1784,22:00,Mumbai,16h 05m,1,14:05,Delhi,14056
1013,Vistara,UK-869,21:20,Mumbai,11h 40m,1,09:00,Delhi,13007
1014,Air India,AI-617,11:05,Mumbai,07h 25m,1,18:30,Delhi,13188
1015,Air India,AI-615,06:00,Mumbai,12h 30m,1,18:30,Delhi,13188
1016,Air India,AI-603,06:10,Mumbai,06h 40m,1,12:50,Delhi,13536
1017,Air India,AI-603,06:10,Mumbai,07h 55m,1,14:05,Delhi,13536
1018,Air India,AI-639,09:30,Mumbai,12h 35m,1,22:05,Delhi,13746
1019,Air India,AI-619,20:10,Mumbai,16h 10m,1,12:20,Delhi,13766
1020,SpiceJet,SG- 678,10:05,Mumbai,10h 15m,1,20:20,Delhi,14427
1021,SpiceJet,SG-3003,17:50,Mumbai,16h 25m,1,10:15,Delhi,14552
1022,Air India,AI-581,06:40,Mumbai,06h 55m,1,13:35,Delhi,14238
1023,Air India,AI-645,09:30,Mumbai,06h 45m,1,16:15,Delhi,14310
1024,SpiceJet,SG- 455,15:35,Mumbai,05h 25m,1,21:00,Delhi,14763
1025,SpiceJet,SG- 678,10:05,Mumbai,09h 25m,1,19:30,Delhi,14850
1026,Vistara,UK-877,10:45,Mumbai,04h 50m,1,15:35,Delhi,14480
1027,Air India,AI-641,19:00,Mumbai,13h 55m,1,08:55,Delhi,14481
1028,Vistara,UK-653,06:00,Mumbai,10h 30m,1,16:30,Delhi,14501
1029,Vistara,UK-771,07:00,Mumbai,15h 40m,1,22:40,Delhi,14511
1030,Air India,AI-607,16:40,Mumbai,05h 25m,1,22:05,Delhi,14796
1031,Vistara,UK-613,12:15,Mumbai,04h 30m,1,16:45,Delhi,14868
1032,Air India,AI-651,09:50,Mumbai,10h 30m,1,20:20,Delhi,14868
1033,Air India,AI-683,21:00,Mumbai,06h 45m,1,03:45,Delhi,14973
1034,Air India,AI-681,17:10,Mumbai,06h 35m,1,23:45,Delhi,15291
1035,Vistara,UK-877,10:45,Mumbai,09h 10m,1,19:55,Delhi,15351
1036,Vistara,UK-771,07:00,Mumbai,14h 10m,1,21:10,Delhi,15383
1037,Indigo,6E-5247,08:00,Mumbai,07h 20m,1,15:20,Delhi,15446
1038,GO FIRST,G8- 383,15:20,Mumbai,09h 15m,1,00:35,Delhi,15995
1039,GO FIRST,G8- 325,22:40,Mumbai,09h 45m,1,08:25,Delhi,15995
1040,GO FIRST,G8- 398,18:00,Mumbai,06h 35m,1,00:35,Delhi,16309
1041,GO FIRST,G8- 398,18:00,Mumbai,14h 25m,1,08:25,Delhi,16309
1042,Vistara,UK-521,11:55,Mumbai,06h 25m,1,18:20,Delhi,15887
1043,Vistara,UK-852,12:10,Mumbai,04h 05m,1,16:15,Delhi,15938
1044,GO FIRST,G8- 575,05:00,Mumbai,15h 10m,1,20:10,Delhi,16446
1045,Vistara,UK-823,17:50,Mumbai,06h 05m,1,23:55,Delhi,16044
1046,Vistara,UK-821,06:45,Mumbai,06h 35m,1,13:20,Delhi,16044
1047,Vistara,UK-825,09:45,Mumbai,10h 15m,1,20:00,Delhi,16044
1048,Vistara,UK-821,06:45,Mumbai,13h 15m,1,20:00,Delhi,16044
1049,Vistara,UK-853,16:00,Mumbai,05h 25m,1,21:25,Delhi,16126
1050,Vistara,UK-853,16:00,Mumbai,06h 20m,1,22:20,Delhi,16126
1051,Vistara,UK-771,07:00,Mumbai,10h 45m,1,17:45,Delhi,16262
1052,Vistara,UK-775,14:05,Mumbai,08h 35m,1,22:40,Delhi,16370
1053,SpiceJet,SG- 455,15:35,Mumbai,23h 05m,1,14:40,Delhi,16863
1054,Air India,AI-685,05:05,Mumbai,11h 40m,1,16:45,Delhi,16443
1055,Vistara,UK-863,09:05,Mumbai,05h 15m,1,14:20,Delhi,16653
1056,Vistara,UK-843,17:30,Mumbai,06h 15m,1,23:45,Delhi,16653
1057,Vistara,UK-851,07:00,Mumbai,07h 20m,1,14:20,Delhi,16653
1058,Vistara,UK-853,16:00,Mumbai,07h 45m,1,23:45,Delhi,16653
1059,Vistara,UK-845,06:00,Mumbai,08h 20m,1,14:20,Delhi,16653
1060,Vistara,UK-877,10:45,Mumbai,12h 00m,1,22:45,Delhi,16758
1061,Air India,AI-673,11:00,Mumbai,10h 00m,1,21:00,Delhi,16789
1062,SpiceJet,SG- 455,15:35,Mumbai,26h 10m,1,17:45,Delhi,17599
1063,Vistara,UK-775,14:05,Mumbai,07h 05m,1,21:10,Delhi,17241
1064,Vistara,UK-827,21:00,Mumbai,12h 45m,1,09:45,Delhi,17315
1065,Vistara,UK-647,10:25,Mumbai,04h 55m,1,15:20,Delhi,17493
1066,Vistara,UK-647,10:25,Mumbai,06h 35m,1,17:00,Delhi,17493
1067,SpiceJet,SG- 115,06:20,Mumbai,09h 15m,1,15:35,Delhi,18117
1068,Vistara,UK-851,07:00,Mumbai,05h 40m,1,12:40,Delhi,17913
1069,Vistara,UK-845,06:00,Mumbai,06h 40m,1,12:40,Delhi,17913
1070,Air India,AI-673,11:00,Mumbai,06h 35m,1,17:35,Delhi,17944
1071,Vistara,UK-543,05:45,Mumbai,09h 30m,1,15:15,Delhi,18646
1072,SpiceJet,SG- 488,11:15,Mumbai,06h 30m,1,17:45,Delhi,19279
1073,SpiceJet,SG- 488,11:15,Mumbai,09h 45m,1,21:00,Delhi,19699
1074,Air India,AI-675,06:00,Mumbai,07h 00m,1,13:00,Delhi,19541
1075,Vistara,UK-543,05:45,Mumbai,06h 25m,1,12:10,Delhi,19591
1076,Air India,AI-663,13:25,Mumbai,14h 20m,1,03:45,Delhi,19803
1077,GO FIRST,G8- 331,11:30,Mumbai,08h 40m,1,20:10,Delhi,20346
1078,Air India,AI-675,06:00,Mumbai,11h 55m,1,17:55,Delhi,20276
1079,Air India,AI-675,06:00,Mumbai,16h 45m,1,22:45,Delhi,20696
1080,Air India,AI-649,05:55,Mumbai,18h 20m,1,00:15,Delhi,20918
1081,Air India,AI-774,21:05,Mumbai,12h 10m,1,09:15,Delhi,22113
1082,Air India,AI-774,21:05,Mumbai,15h 55m,1,13:00,Delhi,22323
1083,Vistara,UK-841,11:25,Mumbai,05h 40m,1,17:05,Delhi,23268
1304,AirAsia,I5-773,20:00,Delhi,02h 35m,0,22:35,Goa,7845
1306,Indigo,6E- 505,21:45,Delhi,02h 35m,0,00:20,Goa,7424
1307,Indigo,6E-2792,19:00,Delhi,02h 30m,0,21:30,Goa,7634
1308,SpiceJet,SG- 957,15:10,Delhi,02h 30m,0,17:40,Goa,8159
1309,AirAsia,I5-798,12:50,Delhi,02h 35m,0,15:25,Goa,8895
1310,Vistara,UK-855,18:40,Delhi,02h 40m,0,21:20,Goa,8087
1311,AirAsia,I5-779,05:10,Delhi,02h 40m,0,07:50,Goa,9418
1319,Indigo,6E-2117,16:20,Delhi,02h 20m,0,18:40,Goa,8474
1320,Air India,AI-883,22:00,Delhi,02h 40m,0,00:40,Goa,8580
1323,AirAsia,I5-552,10:40,Delhi,02h 35m,0,13:15,Goa,10049
1332,SpiceJet,SG-8171,12:05,Delhi,02h 20m,0,14:25,Goa,10049
1343,Indigo,6E-5161,12:25,Delhi,02h 25m,0,14:50,Goa,10154
1380,Vistara,UK-847,11:10,Delhi,02h 40m,0,13:50,Goa,11940
1386,Indigo,6E-5024,11:00,Delhi,02h 25m,0,13:25,Goa,12674
1387,Air India,AI-885,10:45,Delhi,02h 50m,0,13:35,Goa,12675
1439,GO FIRST,G8- 286,10:40,Delhi,02h 40m,0,13:20,Goa,17223
1446,Indigo,6E-2144,10:00,Delhi,02h 30m,0,12:30,Goa,19184
1457,SpiceJet,SG-8938,17:05,Delhi,07h 20m,1,00:25,Goa,6693
1458,SpiceJet,SG-8185,09:25,Delhi,15h 00m,1,00:25,Goa,6693
1460,SpiceJet,SG-8190,20:25,Delhi,04h 00m,1,00:25,Goa,7581
1467,SpiceJet,SG- 711,21:40,Delhi,05h 35m,1,03:15,Goa,8854
1468,SpiceJet,SG-8169,19:45,Delhi,07h 30m,1,03:15,Goa,8854
1469,SpiceJet,SG- 711,21:40,Delhi,19h 25m,1,17:05,Goa,8854
1470,SpiceJet,SG-8701,07:20,Delhi,19h 55m,1,03:15,Goa,8854
1471,SpiceJet,SG-8169,19:45,Delhi,21h 20m,1,17:05,Goa,8854
1472,SpiceJet,SG-8105,22:00,Delhi,23h 25m,1,21:25,Goa,8891
1473,SpiceJet,SG- 162,21:00,Delhi,24h 25m,1,21:25,Goa,8891
1476,AirAsia,I5-548,07:20,Delhi,09h 55m,1,17:15,Goa,11230
1477,Indigo,6E-2143,17:55,Delhi,07h 15m,1,01:10,Goa,8947
1479,SpiceJet,SG- 711,21:40,Delhi,15h 15m,1,12:55,Goa,9700
1480,SpiceJet,SG-8169,19:45,Delhi,17h 10m,1,12:55,Goa,9700
1481,AirAsia,I5-745,13:00,Delhi,04h 15m,1,17:15,Goa,9419
1482,Indigo,6E- 184,09:50,Delhi,04h 55m,1,14:45,Goa,9419
1483,Indigo,6E-5036,02:25,Delhi,05h 20m,1,07:45,Goa,9419
1484,Indigo,6E-2774,07:55,Delhi,06h 05m,1,14:00,Goa,9419
1485,Indigo,6E-2043,12:55,Delhi,06h 25m,1,19:20,Goa,9419
1486,Indigo,6E-2331,06:40,Delhi,07h 20m,1,14:00,Goa,9419
1488,Indigo,6E-2519,23:35,Delhi,06h 40m,1,06:15,Goa,9781
1489,SpiceJet,SG-3701,05:45,Delhi,12h 30m,1,18:15,Goa,10469
1490,Air India,AI-863,14:00,Delhi,08h 20m,1,22:20,Goa,10050
1491,Air India,AI-865,10:00,Delhi,12h 20m,1,22:20,Goa,10050
1492,Air India,AI-678,09:00,Delhi,13h 20m,1,22:20,Goa,10050
1493,Air India,AI-665,08:00,Delhi,14h 20m,1,22:20,Goa,10050
1494,Air India,AI-887,07:00,Delhi,15h 20m,1,22:20,Goa,10050
1495,Air India,AI-814,22:30,Delhi,23h 50m,1,22:20,Goa,10050
1496,Air India,AI-605,21:15,Delhi,25h 05m,1,22:20,Goa,10050
1497,AirAsia,I5-1529,09:35,Delhi,15h 10m,1,00:45,Goa,11699
1499,Air India,AI-441,17:55,Delhi,04h 25m,1,22:20,Goa,10260
1500,Air India,AI-805,20:00,Delhi,26h 20m,1,22:20,Goa,10260
1501,Air India,AI-624,19:00,Delhi,27h 20m,1,22:20,Goa,10260
1502,Indigo,6E- 698,21:05,Delhi,05h 45m,1,02:50,Goa,10422
1503,SpiceJet,SG-3755,17:35,Delhi,24h 40m,1,18:15,Goa,10889
1504,AirAsia,I5-857,18:45,Delhi,06h 00m,1,00:45,Goa,12173
1505,Air India,AI-814,22:30,Delhi,07h 50m,1,06:20,Goa,10995
1506,Air India,AI-605,21:15,Delhi,09h 05m,1,06:20,Goa,10995
1507,Air India,AI-863,14:00,Delhi,16h 20m,1,06:20,Goa,10995
1508,Air India,AI-865,10:00,Delhi,20h 20m,1,06:20,Goa,10995
1509,Air India,AI-678,09:00,Delhi,21h 20m,1,06:20,Goa,10995
1510,Air India,AI-665,08:00,Delhi,22h 20m,1,06:20,Goa,10995
1511,Air India,AI-887,07:00,Delhi,23h 20m,1,06:20,Goa,10995
1512,Indigo,6E- 153,19:35,Delhi,04h 50m,1,00:25,Goa,11057
1513,Indigo,6E-2191,12:45,Delhi,05h 15m,1,18:00,Goa,11152
1514,Air India,AI-805,20:00,Delhi,10h 20m,1,06:20,Goa,11205
1515,Air India,AI-624,19:00,Delhi,11h 20m,1,06:20,Goa,11205
1516,Air India,AI-441,17:55,Delhi,12h 25m,1,06:20,Goa,11205
1517,Air India,AI-814,22:30,Delhi,16h 05m,1,14:35,Goa,11205
1518,Air India,AI-605,21:15,Delhi,17h 20m,1,14:35,Goa,11205
1519,SpiceJet,SG-8701,07:20,Delhi,09h 45m,1,17:05,Goa,11694
1520,Air India,AI-805,20:00,Delhi,18h 35m,1,14:35,Goa,11415
1521,Air India,AI-624,19:00,Delhi,19h 35m,1,14:35,Goa,11415
1522,Air India,AI-441,17:55,Delhi,20h 40m,1,14:35,Goa,11415
1523,Vistara,UK-951,14:20,Delhi,22h 25m,1,12:45,Goa,11518
1524,Vistara,UK-993,12:45,Delhi,24h 00m,1,12:45,Goa,11518
1525,Vistara,UK-945,11:40,Delhi,25h 05m,1,12:45,Goa,11518
1526,Indigo,6E-6939,17:20,Delhi,07h 05m,1,00:25,Goa,11603
1531,SpiceJet,SG- 191,06:05,Delhi,14h 30m,1,20:35,Goa,12151
1532,GO FIRST,G8- 354,22:45,Delhi,07h 30m,1,06:15,Goa,12321
1533,GO FIRST,G8- 330,20:50,Delhi,09h 25m,1,06:15,Goa,12321
1534,GO FIRST,G8- 323,18:20,Delhi,11h 55m,1,06:15,Goa,12321
1536,Indigo,6E-2532,20:10,Delhi,05h 45m,1,01:55,Goa,12044
1537,Vistara,UK-981,21:30,Delhi,15h 15m,1,12:45,Goa,12389
1538,Vistara,UK-955,17:45,Delhi,19h 00m,1,12:45,Goa,12389
1539,Vistara,UK-941,16:55,Delhi,19h 50m,1,12:45,Goa,12389
1540,Vistara,UK-927,09:30,Delhi,27h 15m,1,12:45,Goa,12389
1543,Air India,AI-636,14:30,Delhi,07h 50m,1,22:20,Goa,12675
1546,Indigo,6E-2325,01:50,Delhi,05h 00m,1,06:50,Goa,12695
1547,Indigo,6E-2187,15:00,Delhi,06h 30m,1,21:30,Goa,12695
1553,Indigo,6E-2015,18:30,Delhi,07h 25m,1,01:55,Goa,13252
1554,GO FIRST,G8- 354,22:45,Delhi,14h 00m,1,12:45,Goa,13703
1555,Vistara,UK-953,20:40,Delhi,16h 05m,1,12:45,Goa,13261
1556,Vistara,UK-985,19:45,Delhi,17h 00m,1,12:45,Goa,13261
1557,Vistara,UK-933,15:30,Delhi,21h 15m,1,12:45,Goa,13261
1558,Indigo,6E-5328,09:35,Delhi,05h 40m,1,15:15,Goa,13567
1559,Indigo,6E-6278,08:45,Delhi,06h 30m,1,15:15,Goa,13567
1560,Indigo,6E-2129,08:00,Delhi,07h 15m,1,15:15,Goa,13567
1561,Air India,AI-636,14:30,Delhi,15h 50m,1,06:20,Goa,13620
1566,GO FIRST,G8- 328,13:20,Delhi,04h 40m,1,18:00,Goa,14302
1567,GO FIRST,G8- 334,07:00,Delhi,11h 00m,1,18:00,Goa,14302
1568,Indigo,6E-2487,17:15,Delhi,05h 25m,1,22:40,Goa,14039
1569,Vistara,UK-977,19:00,Delhi,17h 45m,1,12:45,Goa,14141
1570,Indigo,6E-2138,11:55,Delhi,06h 15m,1,18:10,Goa,14197
1571,Indigo,6E-5342,10:45,Delhi,07h 25m,1,18:10,Goa,14197
1572,Indigo,6E-2004,12:45,Delhi,04h 50m,1,17:35,Goa,14333
1573,GO FIRST,G8- 334,07:00,Delhi,09h 50m,1,16:50,Goa,15102
1574,Air India,AI-865,10:00,Delhi,04h 35m,1,14:35,Goa,14880
1575,Air India,AI-678,09:00,Delhi,05h 35m,1,14:35,Goa,14880
1576,Air India,AI-665,08:00,Delhi,06h 35m,1,14:35,Goa,14880
1577,Air India,AI-887,07:00,Delhi,07h 35m,1,14:35,Goa,14880
1578,GO FIRST,G8- 719,05:30,Delhi,14h 30m,1,20:00,Goa,15603
1579,AirAsia,I5-1529,09:35,Delhi,05h 10m,1,14:45,Goa,16218
1580,AirAsia,I5-740,08:10,Delhi,06h 35m,1,14:45,Goa,16218
1581,Indigo,6E- 308,08:20,Delhi,05h 50m,1,14:10,Goa,15425
1582,Indigo,6E-5009,06:55,Delhi,07h 15m,1,14:10,Goa,15425
1583,GO FIRST,G8- 113,05:50,Delhi,11h 05m,1,16:55,Goa,15885
1584,Vistara,UK-807,20:40,Delhi,17h 25m,1,14:05,Goa,15573
1585,Vistara,UK-813,17:35,Delhi,20h 30m,1,14:05,Goa,15573
1586,Vistara,UK-817,16:05,Delhi,22h 00m,1,14:05,Goa,15573
1587,Vistara,UK-819,14:15,Delhi,23h 50m,1,14:05,Goa,15573
1588,AirAsia,I5-721,21:00,Delhi,08h 55m,1,05:55,Goa,16952
1589,SpiceJet,SG-8701,07:20,Delhi,05h 35m,1,12:55,Goa,16630
1590,Vistara,UK-809,19:50,Delhi,18h 15m,1,14:05,Goa,16203
1592,AirAsia,I5-1732,21:50,Delhi,08h 05m,1,05:55,Goa,17426
1593,AirAsia,I5-857,18:45,Delhi,11h 10m,1,05:55,Goa,17426
1596,GO FIRST,G8- 334,07:00,Delhi,05h 45m,1,12:45,Goa,17603
1598,Vistara,UK-811,06:15,Delhi,07h 50m,1,14:05,Goa,17820
1600,Vistara,UK-975,05:55,Delhi,06h 50m,1,12:45,Goa,18660
1602,Vistara,UK-943,07:30,Delhi,05h 15m,1,12:45,Goa,19532
1603,Vistara,UK-815,08:10,Delhi,05h 55m,1,14:05,Goa,20340
1604,Indigo,6E-2517,20:00,Delhi,07h 00m,1,03:00,Goa,20497
1606,Vistara,UK-801,09:05,Delhi,05h 00m,1,14:05,Goa,20970
1607,Indigo,6E-2129,08:00,Delhi,04h 40m,1,12:40,Goa,23018
1608,Indigo,6E-6814,07:20,Delhi,05h 20m,1,12:40,Goa,23018
1609,Indigo,6E-5023,06:30,Delhi,06h 10m,1,12:40,Goa,23018
1610,Indigo,6E-2112,05:30,Delhi,07h 10m,1,12:40,Goa,23018
1611,Indigo,6E-5219,07:10,Delhi,07h 20m,1,14:30,Goa,28267
1682,Vistara,UK-929,21:20,Delhi,15h 25m,2,12:45,Goa,11654
1683,Vistara,UK-969,18:10,Delhi,18h 35m,2,12:45,Goa,11654
1684,Vistara,UK-969,18:10,Delhi,18h 35m,2,12:45,Goa,11654
1685,Vistara,UK-959,06:30,Delhi,30h 15m,2,12:45,Goa,11654
1699,Air India,AI-481,08:25,Delhi,21h 55m,2,06:20,Goa,12686
1700,Air India,AI-817,05:15,Delhi,25h 05m,2,06:20,Goa,12686
1703,Air India,AI-481,08:25,Delhi,30h 10m,2,14:35,Goa,12896
1704,Air India,AI-817,05:15,Delhi,33h 20m,2,14:35,Goa,12896
1705,Air India,AI-481,08:25,Delhi,37h 55m,2,22:20,Goa,12896
1706,Air India,AI-817,05:15,Delhi,41h 05m,2,22:20,Goa,12896
1707,Vistara,UK-637,17:10,Delhi,19h 35m,2,12:45,Goa,13142
1717,Vistara,UK-929,21:20,Delhi,15h 25m,2,12:45,Goa,13723
1718,Vistara,UK-969,18:10,Delhi,18h 35m,2,12:45,Goa,13723
1719,Vistara,UK-959,06:30,Delhi,30h 15m,2,12:45,Goa,13723
1720,Vistara,UK-706,13:40,Delhi,23h 05m,2,12:45,Goa,13804
1746,Air India,AI-403,12:50,Delhi,09h 30m,2,22:20,Goa,16317
1750,Air India,AI-471,13:15,Delhi,09h 05m,2,22:20,Goa,16823
1752,Air India,AI-542,09:45,Delhi,12h 35m,2,22:20,Goa,17453
1754,Vistara,UK-835,19:55,Delhi,16h 50m,2,12:45,Goa,18455
1760,Air India,AI-453,05:00,Delhi,09h 35m,2,14:35,Goa,20825
1767,AirAsia,I5-740,08:10,Delhi,02h 30m,0,10:40,Bangalore,7897
1768,AirAsia,I5-1529,09:35,Delhi,02h 50m,0,12:25,Bangalore,7897
1769,AirAsia,I5-721,21:00,Delhi,02h 50m,0,23:50,Bangalore,7897
1770,SpiceJet,SG- 191,06:05,Delhi,02h 50m,0,08:55,Bangalore,7320
1771,AkasaAir,QP-1335,11:40,Delhi,02h 45m,0,14:25,Bangalore,7163
1772,Indigo,6E-2048,03:50,Delhi,02h 50m,0,06:40,Bangalore,7214
1773,SpiceJet,SG- 537,20:00,Delhi,02h 30m,0,22:30,Bangalore,7739
1774,AirAsia,I5-1732,21:50,Delhi,02h 45m,0,00:35,Bangalore,8369
1775,AirAsia,I5-857,18:45,Delhi,02h 55m,0,21:40,Bangalore,8369
1777,Indigo,6E-6612,06:00,Delhi,02h 35m,0,08:35,Bangalore,7424
1778,Indigo,6E- 308,08:20,Delhi,02h 40m,0,11:00,Bangalore,7424
1779,Indigo,6E-6827,09:15,Delhi,02h 40m,0,11:55,Bangalore,7424
1780,Indigo,6E-5036,02:25,Delhi,02h 50m,0,05:15,Bangalore,7424
1781,Indigo,6E-5009,06:55,Delhi,02h 55m,0,09:50,Bangalore,7424
1782,Air India,AI-803,06:10,Delhi,02h 45m,0,08:55,Bangalore,7425
1783,Vistara,UK-811,06:15,Delhi,02h 45m,0,09:00,Bangalore,7425
1784,Air India,AI-504,21:15,Delhi,02h 50m,0,00:05,Bangalore,7425
1785,Indigo,6E-2131,21:30,Delhi,02h 45m,0,00:15,Bangalore,7687
1786,Indigo,6E-6565,22:55,Delhi,02h 50m,0,01:45,Bangalore,7687
1787,GO FIRST,G8- 119,20:45,Delhi,02h 45m,0,23:30,Bangalore,8323
1793,Indigo,6E-2188,11:30,Delhi,02h 45m,0,14:15,Bangalore,8212
1794,Indigo,6E-2532,20:10,Delhi,02h 50m,0,23:00,Bangalore,8212
1795,Air India,AI-813,08:00,Delhi,02h 30m,0,10:30,Bangalore,8580
1796,Air India,AI-502,13:30,Delhi,02h 45m,0,16:15,Bangalore,8580
1797,Indigo,6E-5186,13:00,Delhi,02h 35m,0,15:35,Bangalore,8632
1803,GO FIRST,G8- 113,05:50,Delhi,02h 45m,0,08:35,Bangalore,9839
1804,Indigo,6E-2015,18:30,Delhi,02h 45m,0,21:15,Bangalore,9419
1805,Air India,AI-506,09:45,Delhi,02h 45m,0,12:30,Bangalore,9420
1829,Air India,AI-807,17:15,Delhi,03h 00m,0,20:15,Bangalore,9630
1836,Vistara,UK-815,08:10,Delhi,02h 40m,0,10:50,Bangalore,9945
1837,Air India,AI-815,15:30,Delhi,02h 50m,0,18:20,Bangalore,10155
1838,Indigo,6E-2487,17:15,Delhi,02h 40m,0,19:55,Bangalore,10207
1845,Vistara,UK-807,20:40,Delhi,02h 40m,0,23:20,Bangalore,10575
1846,Vistara,UK-801,09:05,Delhi,02h 45m,0,11:50,Bangalore,10575
1847,Vistara,UK-817,16:05,Delhi,02h 45m,0,18:50,Bangalore,10575
1848,Vistara,UK-819,14:15,Delhi,02h 50m,0,17:05,Bangalore,10575
1849,Vistara,UK-813,17:35,Delhi,02h 50m,0,20:25,Bangalore,10575
1868,Vistara,UK-809,19:50,Delhi,02h 50m,0,22:40,Bangalore,11205
1974,SpiceJet,SG-8185,09:25,Delhi,07h 25m,1,16:50,Bangalore,7795
1986,GO FIRST,G8-1171,18:50,Delhi,05h 30m,1,00:20,Bangalore,9418
1987,GO FIRST,G8- 719,05:30,Delhi,05h 55m,1,11:25,Bangalore,9418
1988,GO FIRST,G8-2513,16:55,Delhi,07h 25m,1,00:20,Bangalore,9418
1989,GO FIRST,G8- 717,16:10,Delhi,07h 30m,1,23:40,Bangalore,9418
1990,GO FIRST,G8- 101,05:45,Delhi,13h 30m,1,19:15,Bangalore,9418
1996,Indigo,6E-6022,11:15,Delhi,06h 45m,1,18:00,Bangalore,8838
1997,Indigo,6E-2066,15:20,Delhi,06h 40m,1,22:00,Bangalore,8943
1998,AirAsia,I5-768,15:30,Delhi,05h 30m,1,21:00,Bangalore,10631
1999,AirAsia,I5-737,22:50,Delhi,08h 20m,1,07:10,Bangalore,10631
2000,AirAsia,I5-768,15:30,Delhi,10h 05m,1,01:35,Bangalore,10631
2004,Indigo,6E-2153,13:25,Delhi,04h 30m,1,17:55,Bangalore,9419
2005,Indigo,6E-2168,17:50,Delhi,04h 50m,1,22:40,Bangalore,9419
2006,Indigo,6E-5005,05:15,Delhi,05h 00m,1,10:15,Bangalore,9419
2007,Indigo,6E-2004,12:45,Delhi,05h 10m,1,17:55,Bangalore,9419
2008,Indigo,6E-2697,06:50,Delhi,05h 15m,1,12:05,Bangalore,9419
2009,Indigo,6E-2774,07:55,Delhi,05h 15m,1,13:10,Bangalore,9419
2010,Indigo,6E- 671,21:20,Delhi,05h 15m,1,02:35,Bangalore,9419
2011,Indigo,6E-7403,07:20,Delhi,05h 30m,1,12:50,Bangalore,9419
2012,Indigo,6E-6823,18:05,Delhi,05h 35m,1,23:40,Bangalore,9419
2013,Indigo,6E-2104,19:30,Delhi,05h 45m,1,01:15,Bangalore,9419
2014,Indigo,6E-2769,08:30,Delhi,05h 55m,1,14:25,Bangalore,9419
2015,Indigo,6E-2143,17:55,Delhi,06h 00m,1,23:55,Bangalore,9419
2016,Indigo,6E-2008,06:00,Delhi,06h 10m,1,12:10,Bangalore,9419
2017,Indigo,6E-2331,06:40,Delhi,06h 30m,1,13:10,Bangalore,9419
2018,Indigo,6E-2187,15:00,Delhi,06h 35m,1,21:35,Bangalore,9419
2019,Indigo,6E- 147,23:30,Delhi,06h 35m,1,06:05,Bangalore,9419
2020,Indigo,6E- 972,13:35,Delhi,07h 05m,1,20:40,Bangalore,9419
2021,Indigo,6E-6823,18:05,Delhi,07h 10m,1,01:15,Bangalore,9419
2022,Indigo,6E-2153,13:25,Delhi,07h 15m,1,20:40,Bangalore,9419
2023,Indigo,6E- 177,02:00,Delhi,07h 20m,1,09:20,Bangalore,9419
2024,Indigo,6E-2325,01:50,Delhi,07h 40m,1,09:30,Bangalore,9419
2025,Indigo,6E-2004,12:45,Delhi,07h 55m,1,20:40,Bangalore,9419
2026,Indigo,6E-2005,09:55,Delhi,08h 00m,1,17:55,Bangalore,9419
2028,AirAsia,I5-548,07:20,Delhi,04h 50m,1,12:10,Bangalore,9977
2029,AirAsia,I5-711,06:05,Delhi,06h 55m,1,13:00,Bangalore,10631
2030,Vistara,UK-859,10:25,Delhi,09h 05m,1,19:30,Bangalore,9840
2031,Vistara,UK-829,07:20,Delhi,12h 10m,1,19:30,Bangalore,9840
2032,Vistara,UK-859,10:25,Delhi,22h 20m,1,08:45,Bangalore,9840
2033,Vistara,UK-829,07:20,Delhi,25h 25m,1,08:45,Bangalore,9840
2037,Indigo,6E-2187,15:00,Delhi,05h 40m,1,20:40,Bangalore,10207
2038,Air India,AI-863,14:00,Delhi,06h 40m,1,20:40,Bangalore,10293
2039,Air India,AI-865,10:00,Delhi,10h 40m,1,20:40,Bangalore,10293
2040,Air India,AI-678,09:00,Delhi,11h 40m,1,20:40,Bangalore,10293
2041,Air India,AI-665,08:00,Delhi,12h 40m,1,20:40,Bangalore,10293
2042,Air India,AI-887,07:00,Delhi,13h 40m,1,20:40,Bangalore,10293
2048,Vistara,UK-899,14:45,Delhi,04h 45m,1,19:30,Bangalore,10712
2049,Vistara,UK-871,20:35,Delhi,12h 10m,1,08:45,Bangalore,10712
2050,Vistara,UK-899,14:45,Delhi,18h 00m,1,08:45,Bangalore,10712
2051,Vistara,UK-871,20:35,Delhi,22h 55m,1,19:30,Bangalore,10712
2052,Air India,AI-814,22:30,Delhi,09h 20m,1,07:50,Bangalore,10923
2053,Air India,AI-605,21:15,Delhi,10h 35m,1,07:50,Bangalore,10923
2054,Air India,AI-863,14:00,Delhi,17h 50m,1,07:50,Bangalore,10923
2055,Air India,AI-865,10:00,Delhi,21h 50m,1,07:50,Bangalore,10923
2056,Air India,AI-678,09:00,Delhi,22h 50m,1,07:50,Bangalore,10923
2057,Indigo,6E-6187,15:15,Delhi,05h 15m,1,20:30,Bangalore,11041
2058,Indigo,6E-6034,08:30,Delhi,08h 00m,1,16:30,Bangalore,11041
2059,Air India,AI-865,10:00,Delhi,08h 20m,1,18:20,Bangalore,11133
2060,Air India,AI-678,09:00,Delhi,09h 20m,1,18:20,Bangalore,11133
2061,Air India,AI-665,08:00,Delhi,10h 20m,1,18:20,Bangalore,11133
2062,Air India,AI-887,07:00,Delhi,11h 20m,1,18:20,Bangalore,11133
2063,Air India,AI-805,20:00,Delhi,11h 50m,1,07:50,Bangalore,11133
2064,Air India,AI-624,19:00,Delhi,12h 50m,1,07:50,Bangalore,11133
2065,Air India,AI-441,17:55,Delhi,13h 55m,1,07:50,Bangalore,11133
2067,AirAsia,I5-744,08:00,Delhi,06h 15m,1,14:15,Bangalore,13044
2068,Air India,AI-814,22:30,Delhi,12h 40m,1,11:10,Bangalore,11973
2069,Air India,AI-605,21:15,Delhi,13h 55m,1,11:10,Bangalore,11973
2070,Vistara,UK-951,14:20,Delhi,06h 35m,1,20:55,Bangalore,12003
2071,Vistara,UK-993,12:45,Delhi,08h 10m,1,20:55,Bangalore,12003
2072,Vistara,UK-945,11:40,Delhi,09h 15m,1,20:55,Bangalore,12003
2073,AirAsia,I5-549,14:55,Delhi,09h 25m,1,00:20,Bangalore,13015
2074,Air India,AI-805,20:00,Delhi,15h 10m,1,11:10,Bangalore,12183
2075,Air India,AI-624,19:00,Delhi,16h 10m,1,11:10,Bangalore,12183
2076,Air India,AI-441,17:55,Delhi,17h 15m,1,11:10,Bangalore,12183
2077,SpiceJet,SG-8724,10:40,Delhi,11h 05m,1,21:45,Bangalore,12779
2078,Vistara,UK-879,17:35,Delhi,15h 10m,1,08:45,Bangalore,12463
2079,Vistara,UK-879,17:35,Delhi,25h 55m,1,19:30,Bangalore,12463
2080,Indigo,6E-2175,08:30,Delhi,04h 20m,1,12:50,Bangalore,12622
2081,Vistara,UK-975,05:55,Delhi,04h 50m,1,10:45,Bangalore,12675
2082,Vistara,UK-951,14:20,Delhi,04h 55m,1,19:15,Bangalore,12675
2083,Vistara,UK-993,12:45,Delhi,05h 00m,1,17:45,Bangalore,12675
2084,Vistara,UK-945,11:40,Delhi,06h 05m,1,17:45,Bangalore,12675
2085,Vistara,UK-993,12:45,Delhi,06h 30m,1,19:15,Bangalore,12675
2086,Vistara,UK-945,11:40,Delhi,07h 35m,1,19:15,Bangalore,12675
2087,Vistara,UK-951,14:20,Delhi,08h 50m,1,23:10,Bangalore,12675
2088,AirAsia,I5-745,13:00,Delhi,06h 25m,1,19:25,Bangalore,15220
2089,AirAsia,I5-548,07:20,Delhi,12h 05m,1,19:25,Bangalore,15220
2093,Vistara,UK-997,14:10,Delhi,06h 20m,1,20:30,Bangalore,12875
2094,Air India,AI-814,22:30,Delhi,19h 50m,1,18:20,Bangalore,12885
2095,Air India,AI-605,21:15,Delhi,21h 05m,1,18:20,Bangalore,12885
2096,Air India,AI-636,14:30,Delhi,06h 10m,1,20:40,Bangalore,12918
2097,Air India,AI-805,20:00,Delhi,22h 20m,1,18:20,Bangalore,13095
2098,Air India,AI-624,19:00,Delhi,23h 20m,1,18:20,Bangalore,13095
2099,Air India,AI-441,17:55,Delhi,24h 25m,1,18:20,Bangalore,13095
2100,SpiceJet,SG- 953,14:50,Delhi,23h 45m,1,14:35,Bangalore,13619
2101,AirAsia,I5-549,14:55,Delhi,08h 00m,1,22:55,Bangalore,14065
2102,AirAsia,I5-791,04:55,Delhi,08h 55m,1,13:50,Bangalore,14169
2103,Vistara,UK-955,17:45,Delhi,05h 25m,1,23:10,Bangalore,13547
2104,Vistara,UK-941,16:55,Delhi,06h 15m,1,23:10,Bangalore,13547
2105,Vistara,UK-927,09:30,Delhi,08h 15m,1,17:45,Bangalore,13547
2106,Vistara,UK-963,08:50,Delhi,08h 55m,1,17:45,Bangalore,13547
2107,Vistara,UK-927,09:30,Delhi,09h 45m,1,19:15,Bangalore,13547
2108,Vistara,UK-943,07:30,Delhi,10h 15m,1,17:45,Bangalore,13547
2109,Vistara,UK-981,21:30,Delhi,10h 20m,1,07:50,Bangalore,13547
2110,Air India,AI-636,14:30,Delhi,17h 20m,1,07:50,Bangalore,13548
2111,Vistara,UK-933,15:30,Delhi,05h 25m,1,20:55,Bangalore,13746
2112,Vistara,UK-829,07:20,Delhi,13h 35m,1,20:55,Bangalore,13769
2113,SpiceJet,SG- 957,15:10,Delhi,07h 25m,1,22:35,Bangalore,14354
2114,GO FIRST,G8- 145,10:00,Delhi,11h 55m,1,21:55,Bangalore,14389
2118,Vistara,UK-995,10:20,Delhi,07h 25m,1,17:45,Bangalore,14418
2119,Vistara,UK-933,15:30,Delhi,07h 40m,1,23:10,Bangalore,14418
2120,Vistara,UK-995,10:20,Delhi,08h 55m,1,19:15,Bangalore,14418
2122,Vistara,UK-829,07:20,Delhi,10h 25m,1,17:45,Bangalore,14633
2123,Vistara,UK-829,07:20,Delhi,11h 55m,1,19:15,Bangalore,14633
2124,GO FIRST,G8- 336,14:30,Delhi,05h 20m,1,19:50,Bangalore,15161
2125,GO FIRST,G8- 323,18:20,Delhi,06h 10m,1,00:30,Bangalore,15161
2126,GO FIRST,G8- 328,13:20,Delhi,06h 30m,1,19:50,Bangalore,15161
2127,GO FIRST,G8- 354,22:45,Delhi,09h 00m,1,07:45,Bangalore,15161
2128,GO FIRST,G8- 336,14:30,Delhi,10h 00m,1,00:30,Bangalore,15161
2129,GO FIRST,G8- 334,07:00,Delhi,10h 05m,1,17:05,Bangalore,15161
2130,GO FIRST,G8- 330,20:50,Delhi,10h 55m,1,07:45,Bangalore,15161
2131,GO FIRST,G8- 328,13:20,Delhi,11h 10m,1,00:30,Bangalore,15161
2132,GO FIRST,G8- 334,07:00,Delhi,12h 50m,1,19:50,Bangalore,15161
2133,GO FIRST,G8- 323,18:20,Delhi,13h 25m,1,07:45,Bangalore,15161
2134,SpiceJet,SG-8263,07:00,Delhi,24h 35m,1,07:35,Bangalore,15194
2135,Indigo,6E-5042,10:15,Delhi,07h 05m,1,17:20,Bangalore,14932
2137,SpiceJet,SG-8485,11:30,Delhi,24h 40m,1,12:10,Bangalore,15581
2138,AirAsia,I5-710,10:00,Delhi,07h 30m,1,17:30,Bangalore,16720
2139,AirAsia,I5-744,08:00,Delhi,09h 30m,1,17:30,Bangalore,16720
2140,SpiceJet,SG-8254,20:10,Delhi,11h 25m,1,07:35,Bangalore,16140
2141,SpiceJet,SG-8251,18:50,Delhi,12h 45m,1,07:35,Bangalore,16140
2142,SpiceJet,SG-8171,12:05,Delhi,10h 30m,1,22:35,Bangalore,16244
2143,SpiceJet,SG-8921,21:20,Delhi,10h 15m,1,07:35,Bangalore,16661
2144,SpiceJet,SG-2962,06:15,Delhi,17h 05m,1,23:20,Bangalore,16769
2145,AirAsia,I5-779,05:10,Delhi,11h 15m,1,16:25,Bangalore,17739
2147,AirAsia,I5-552,10:40,Delhi,05h 45m,1,16:25,Bangalore,18370
2148,AirAsia,I5-773,20:00,Delhi,06h 30m,1,02:30,Bangalore,18894
2149,AirAsia,I5-773,20:00,Delhi,11h 35m,1,07:35,Bangalore,18894
2150,SpiceJet,SG-8125,07:40,Delhi,07h 30m,1,15:10,Bangalore,18869
2151,SpiceJet,SG-8903,06:30,Delhi,08h 40m,1,15:10,Bangalore,18869
2154,AirAsia,I5-787,05:45,Delhi,09h 40m,1,15:25,Bangalore,21206
2156,AirAsia,I5-792,12:40,Delhi,12h 10m,1,00:50,Bangalore,21730
2157,AirAsia,I5-783,07:10,Delhi,08h 15m,1,15:25,Bangalore,22990
2158,Vistara,UK-847,11:10,Delhi,04h 45m,1,15:55,Bangalore,23490
2159,AirAsia,I5-776,17:05,Delhi,07h 45m,1,00:50,Bangalore,24986
2160,Vistara,UK-741,09:40,Delhi,06h 40m,1,16:20,Bangalore,24330
2161,SpiceJet,SG-8187,13:05,Delhi,26h 05m,1,15:10,Bangalore,26219
2162,GO FIRST,G8- 286,10:40,Delhi,04h 20m,1,15:00,Bangalore,26967
2288,Vistara,UK-969,18:10,Delhi,13h 40m,2,07:50,Bangalore,12812
2289,Vistara,UK-969,18:10,Delhi,14h 40m,2,08:50,Bangalore,12812
2290,Vistara,UK-969,18:10,Delhi,16h 35m,2,10:45,Bangalore,12812
2313,Vistara,UK-637,17:10,Delhi,14h 40m,2,07:50,Bangalore,13953
2314,Vistara,UK-637,17:10,Delhi,15h 40m,2,08:50,Bangalore,13953
2315,Vistara,UK-637,17:10,Delhi,17h 35m,2,10:45,Bangalore,13953
2319,Vistara,UK-929,21:20,Delhi,11h 30m,2,08:50,Bangalore,14531
2334,Vistara,UK-637,17:10,Delhi,25h 05m,2,18:15,Bangalore,14985
2344,Air India,AI-471,13:15,Delhi,07h 25m,2,20:40,Bangalore,17065
2350,Air India,AI-542,09:45,Delhi,08h 35m,2,18:20,Bangalore,18535
2351,Air India,AI-406,10:15,Delhi,10h 25m,2,20:40,Bangalore,18644
2353,Air India,AI-406,10:15,Delhi,08h 05m,2,18:20,Bangalore,19490
2361,AirAsia,I5-331,04:05,Mumbai,01h 00m,0,05:05,Goa,4258
2362,SpiceJet,SG- 453,01:45,Mumbai,01h 30m,0,03:15,Goa,4258
2363,AirAsia,I5-679,20:40,Mumbai,01h 20m,0,22:00,Goa,4258
2364,GO FIRST,G8- 575,05:00,Mumbai,01h 15m,0,06:15,Goa,4707
2365,Air India,AI-683,21:00,Mumbai,01h 20m,0,22:20,Goa,4473
2366,Indigo,6E- 128,04:55,Mumbai,01h 20m,0,06:15,Goa,4683
2367,GO FIRST,G8- 371,16:35,Mumbai,01h 25m,0,18:00,Goa,6240
2368,AllianceAir,9I-657,19:30,Mumbai,01h 25m,0,20:55,Goa,5838
2369,Air India,AI-685,05:05,Mumbai,01h 15m,0,06:20,Goa,5943
2370,SpiceJet,SG- 455,15:35,Mumbai,01h 30m,0,17:05,Goa,6678
2371,GO FIRST,G8- 382,15:30,Mumbai,01h 20m,0,16:50,Goa,7040
2374,Indigo,6E- 711,14:00,Mumbai,01h 15m,0,15:15,Goa,8043
2375,Indigo,6E- 399,16:55,Mumbai,01h 15m,0,18:10,Goa,8673
2376,GO FIRST,G8- 331,11:30,Mumbai,01h 15m,0,12:45,Goa,9541
2377,Air India,AI-663,13:25,Mumbai,01h 10m,0,14:35,Goa,9303
2378,SpiceJet,SG- 488,11:15,Mumbai,01h 40m,0,12:55,Goa,11612
2392,Vistara,UK-841,11:25,Mumbai,01h 20m,0,12:45,Goa,13083
2426,Indigo,6E- 179,11:25,Mumbai,01h 15m,0,12:40,Goa,17494
2455,AirAsia,I5-338,19:00,Mumbai,05h 45m,1,00:45,Goa,9296
2456,AirAsia,I5-942,13:05,Mumbai,11h 40m,1,00:45,Goa,9296
2464,Vistara,UK-865,19:10,Mumbai,18h 55m,1,14:05,Goa,11424
2467,Vistara,UK-857,21:30,Mumbai,16h 35m,1,14:05,Goa,12096
2468,Vistara,UK-843,17:30,Mumbai,20h 35m,1,14:05,Goa,12096
2469,Vistara,UK-853,16:00,Mumbai,22h 05m,1,14:05,Goa,12096
2474,Vistara,UK-986,22:45,Mumbai,22h 35m,1,21:20,Goa,12978
2476,Air India,AI-816,21:00,Mumbai,27h 40m,1,00:40,Goa,13188
2478,Vistara,UK-952,12:25,Mumbai,08h 55m,1,21:20,Goa,13640
2479,Vistara,UK-960,11:55,Mumbai,09h 25m,1,21:20,Goa,13640
2480,Vistara,UK-928,06:30,Mumbai,14h 50m,1,21:20,Goa,13640
2481,Vistara,UK-954,06:00,Mumbai,15h 20m,1,21:20,Goa,13640
2482,Air India,AI-677,13:00,Mumbai,11h 40m,1,00:40,Goa,14133
2483,Air India,AI-809,10:00,Mumbai,14h 40m,1,00:40,Goa,14133
2484,Air India,AI-866,09:00,Mumbai,15h 40m,1,00:40,Goa,14133
2485,Air India,AI-806,08:00,Mumbai,16h 40m,1,00:40,Goa,14133
2486,AirAsia,I5-1784,22:00,Mumbai,07h 55m,1,05:55,Goa,14160
2488,Air India,AI-888,19:00,Mumbai,05h 40m,1,00:40,Goa,14343
2489,Air India,AI-660,18:00,Mumbai,06h 40m,1,00:40,Goa,14343
2490,Air India,AI-442,17:00,Mumbai,07h 40m,1,00:40,Goa,14343
2491,Air India,AI-687,16:00,Mumbai,08h 40m,1,00:40,Goa,14343
2492,Vistara,UK-944,14:40,Mumbai,06h 40m,1,21:20,Goa,14511
2493,Vistara,UK-970,08:45,Mumbai,12h 35m,1,21:20,Goa,14511
2494,Vistara,UK-930,07:30,Mumbai,13h 50m,1,21:20,Goa,14511
2495,AirAsia,I5-1569,21:20,Mumbai,08h 35m,1,05:55,Goa,14549
2496,AirAsia,I5-338,19:00,Mumbai,10h 55m,1,05:55,Goa,14549
2500,Vistara,UK-994,10:25,Mumbai,10h 55m,1,21:20,Goa,15383
2501,Air India,AI-816,21:00,Mumbai,16h 35m,1,13:35,Goa,15393
2510,Vistara,UK-863,09:05,Mumbai,05h 00m,1,14:05,Goa,17493
2511,Vistara,UK-851,07:00,Mumbai,07h 05m,1,14:05,Goa,17493
2512,Vistara,UK-928,06:30,Mumbai,07h 20m,1,13:50,Goa,17493
2513,Vistara,UK-954,06:00,Mumbai,07h 50m,1,13:50,Goa,17493
2514,Vistara,UK-845,06:00,Mumbai,08h 05m,1,14:05,Goa,17493
2515,Air India,AI-635,07:20,Mumbai,30h 15m,1,13:35,Goa,17808
2516,Air India,AI-864,07:00,Mumbai,06h 35m,1,13:35,Goa,18228
2517,Vistara,UK-930,07:30,Mumbai,06h 20m,1,13:50,Goa,18365
2518,Vistara,UK-910,17:35,Mumbai,20h 15m,1,13:50,Goa,18501
2521,Vistara,UK-988,20:55,Mumbai,16h 55m,1,13:50,Goa,19381
2522,Vistara,UK-940,19:45,Mumbai,18h 05m,1,13:50,Goa,19381
2523,Vistara,UK-996,18:30,Mumbai,19h 20m,1,13:50,Goa,19381
2545,Vistara,UK-873,06:20,Mumbai,31h 45m,2,14:05,Goa,11342
2546,Vistara,UK-873,06:20,Mumbai,31h 45m,2,14:05,Goa,11342
2548,Vistara,UK-869,21:20,Mumbai,16h 45m,2,14:05,Goa,11899
2549,Vistara,UK-881,19:20,Mumbai,18h 45m,2,14:05,Goa,11899
2553,Vistara,UK-919,22:35,Mumbai,22h 45m,2,21:20,Goa,12577
2554,Vistara,UK-919,22:35,Mumbai,22h 45m,2,21:20,Goa,12577
2555,Vistara,UK-949,20:00,Mumbai,25h 20m,2,21:20,Goa,12577
2556,Vistara,UK-949,20:00,Mumbai,25h 20m,2,21:20,Goa,12577
2560,Vistara,UK-939,06:35,Mumbai,14h 45m,2,21:20,Goa,13503
2570,Vistara,UK-873,06:20,Mumbai,15h 00m,2,21:20,Goa,14238
2580,Vistara,UK-877,10:45,Mumbai,27h 20m,2,14:05,Goa,15122
2581,Vistara,UK-877,10:45,Mumbai,27h 20m,2,14:05,Goa,15122
2582,Vistara,UK-873,06:20,Mumbai,39h 00m,2,21:20,Goa,15311
2585,Vistara,UK-873,06:20,Mumbai,15h 00m,2,21:20,Goa,16396
2586,Vistara,UK-873,06:20,Mumbai,39h 00m,2,21:20,Goa,16396
2587,Air India,AI-625,11:15,Mumbai,26h 20m,2,13:35,Goa,16900
2588,Vistara,UK-869,21:20,Mumbai,24h 00m,2,21:20,Goa,16952
2589,Vistara,UK-869,21:20,Mumbai,24h 00m,2,21:20,Goa,16952
2590,Vistara,UK-881,19:20,Mumbai,26h 00m,2,21:20,Goa,16952
2591,Vistara,UK-881,19:20,Mumbai,26h 00m,2,21:20,Goa,16952
2602,Air India,AI-615,06:00,Mumbai,18h 40m,2,00:40,Goa,18543
2603,Vistara,UK-877,10:45,Mumbai,10h 35m,2,21:20,Goa,19091
2607,Air India,AI-617,11:05,Mumbai,13h 35m,2,00:40,Goa,21378
2608,Air India,AI-615,06:00,Mumbai,18h 40m,2,00:40,Goa,21378
2609,Air India,AI-619,20:10,Mumbai,17h 25m,2,13:35,Goa,21903
2610,SpiceJet,SG-8724,10:40,Delhi,02h 05m,0,12:45,Patna,5112
2611,Indigo,6E-2481,12:25,Delhi,01h 30m,0,13:55,Patna,5114
2612,Indigo,6E-2485,13:25,Delhi,01h 35m,0,15:00,Patna,5114
2613,Indigo,6E-6928,19:40,Delhi,01h 35m,0,21:15,Patna,5114
2614,Indigo,6E- 902,15:55,Delhi,01h 50m,0,17:45,Patna,5114
2615,GO FIRST,G8- 165,12:40,Delhi,01h 30m,0,14:10,Patna,5612
2616,Indigo,6E-2125,18:15,Delhi,01h 35m,0,19:50,Patna,5219
2617,Air India,AI-415,16:45,Delhi,01h 50m,0,18:35,Patna,5325
2618,Indigo,6E-2022,06:30,Delhi,01h 35m,0,08:05,Patna,5429
2619,Vistara,UK-717,08:00,Delhi,01h 35m,0,09:35,Patna,6438
2620,Vistara,UK-715,18:15,Delhi,01h 40m,0,19:55,Patna,6438
2623,Air India,AI-407,13:45,Delhi,01h 40m,0,15:25,Patna,7898
2674,Indigo,6E-2093,10:15,Delhi,04h 05m,1,14:20,Patna,7611
2675,Indigo,6E-5037,05:15,Delhi,09h 05m,1,14:20,Patna,7611
2677,Indigo,6E- 315,05:40,Delhi,04h 05m,1,09:45,Patna,8528
2678,SpiceJet,SG- 913,19:00,Delhi,15h 10m,1,10:10,Patna,10009
2679,Indigo,6E-5219,07:10,Delhi,08h 40m,1,15:50,Patna,9979
2680,Indigo,6E- 788,03:00,Delhi,05h 30m,1,08:30,Patna,10399
2681,Indigo,6E- 353,06:05,Delhi,09h 45m,1,15:50,Patna,10399
2682,Indigo,6E-2513,08:40,Delhi,07h 10m,1,15:50,Patna,10819
2683,Indigo,6E-2513,08:40,Delhi,10h 35m,1,19:15,Patna,10819
2684,Indigo,6E- 282,09:55,Delhi,05h 55m,1,15:50,Patna,11344
2685,Indigo,6E- 782,23:40,Delhi,08h 50m,1,08:30,Patna,11344
2686,Indigo,6E- 282,09:55,Delhi,09h 20m,1,19:15,Patna,11344
2687,Indigo,6E-6557,12:25,Delhi,06h 50m,1,19:15,Patna,11974
2688,Indigo,6E-6005,22:20,Delhi,10h 10m,1,08:30,Patna,11974
2689,SpiceJet,SG-8152,10:20,Delhi,21h 15m,1,07:35,Patna,14850
2690,GO FIRST,G8- 334,07:00,Delhi,08h 35m,1,15:35,Patna,15474
2691,GO FIRST,G8- 354,22:45,Delhi,15h 50m,1,14:35,Patna,15474
2692,GO FIRST,G8- 119,20:45,Delhi,14h 55m,1,11:40,Patna,17219
2693,Air India,AI-665,08:00,Delhi,05h 45m,1,13:45,Patna,17190
2694,Air India,AI-887,07:00,Delhi,06h 45m,1,13:45,Patna,17190
2695,Air India,AI-814,22:30,Delhi,15h 15m,1,13:45,Patna,20655
2696,Air India,AI-605,21:15,Delhi,16h 30m,1,13:45,Patna,20655
2697,Air India,AI-863,14:00,Delhi,23h 45m,1,13:45,Patna,20655
2698,Air India,AI-865,10:00,Delhi,27h 45m,1,13:45,Patna,20655
2699,Air India,AI-678,09:00,Delhi,28h 45m,1,13:45,Patna,20655
2701,Air India,AI-805,20:00,Delhi,17h 45m,1,13:45,Patna,20865
2702,Air India,AI-624,19:00,Delhi,18h 45m,1,13:45,Patna,20865
2703,Air India,AI-441,17:55,Delhi,19h 50m,1,13:45,Patna,20865
2704,Indigo,6E- 452,05:15,Delhi,08h 15m,1,13:30,Patna,22433
2705,Air India,AI-636,14:30,Delhi,23h 15m,1,13:45,Patna,23280
2753,Air India,AI-443,05:20,Delhi,08h 25m,2,13:45,Patna,20801
2759,Air India,AI-433,11:10,Delhi,26h 35m,2,13:45,Patna,23562
2760,Air India,AI-481,08:25,Delhi,29h 20m,2,13:45,Patna,23910
2761,Air India,AI-504,21:15,Delhi,16h 30m,2,13:45,Patna,25623
2762,Air India,AI-540,20:40,Delhi,17h 05m,2,13:45,Patna,25664
2763,Air India,AI-411,07:05,Delhi,30h 40m,2,13:45,Patna,26010
2764,Air India,AI-811,18:30,Delhi,43h 15m,2,13:45,Patna,26430
2765,Air India,AI-403,12:50,Delhi,24h 55m,2,13:45,Patna,26922
2766,Air India,AI-839,21:30,Delhi,16h 15m,2,13:45,Patna,27375
2767,Air India,AI-471,13:15,Delhi,24h 30m,2,13:45,Patna,27428
2768,Air India,AI-475,12:55,Delhi,48h 50m,2,13:45,Patna,30492
2769,GO FIRST,G8- 101,05:45,Delhi,02h 05m,0,07:50,Kolkata,5948
2770,SpiceJet,SG-8263,07:00,Delhi,02h 05m,0,09:05,Kolkata,7109
2771,Indigo,6E-5219,07:10,Delhi,02h 10m,0,09:20,Kolkata,7214
2773,SpiceJet,SG-8251,18:50,Delhi,02h 10m,0,21:00,Kolkata,8053
2774,SpiceJet,SG-8254,20:10,Delhi,02h 25m,0,22:35,Kolkata,8053
2775,Indigo,6E- 788,03:00,Delhi,02h 05m,0,05:05,Kolkata,7634
2776,Indigo,6E- 353,06:05,Delhi,02h 05m,0,08:10,Kolkata,7634
2777,Vistara,UK-747,06:15,Delhi,02h 05m,0,08:20,Kolkata,7698
2778,Vistara,UK-737,15:55,Delhi,02h 10m,0,18:05,Kolkata,7698
2779,Indigo,6E-2513,08:40,Delhi,02h 05m,0,10:45,Kolkata,8054
2780,SpiceJet,SG-8921,21:20,Delhi,02h 05m,0,23:25,Kolkata,8576
2785,Vistara,UK-705,07:30,Delhi,02h 05m,0,09:35,Kolkata,8578
2786,Indigo,6E- 782,23:40,Delhi,01h 55m,0,01:35,Kolkata,8579
2787,Indigo,6E- 282,09:55,Delhi,02h 10m,0,12:05,Kolkata,8579
2790,Indigo,6E-6005,22:20,Delhi,01h 55m,0,00:15,Kolkata,9209
2791,Indigo,6E-6557,12:25,Delhi,02h 05m,0,14:30,Kolkata,9209
2792,Air India,AI-401,06:50,Delhi,02h 10m,0,09:00,Kolkata,9420
2794,Indigo,6E- 912,17:45,Delhi,01h 55m,0,19:40,Kolkata,9839
2795,Indigo,6E-2082,15:20,Delhi,02h 05m,0,17:25,Kolkata,9839
2796,Vistara,UK-727,20:30,Delhi,02h 15m,0,22:45,Kolkata,10155
2797,Indigo,6E-2057,18:40,Delhi,02h 05m,0,20:45,Kolkata,10469
2798,Indigo,6E-2517,20:00,Delhi,02h 05m,0,22:05,Kolkata,10469
2799,Air India,AI-767,12:10,Delhi,02h 20m,0,14:30,Kolkata,10523
2801,Vistara,UK-707,17:30,Delhi,02h 05m,0,19:35,Kolkata,10890
2803,Air India,AI-764,16:45,Delhi,02h 25m,0,19:10,Kolkata,11258
2807,Air India,AI-762,20:15,Delhi,02h 10m,0,22:25,Kolkata,11835
2946,SpiceJet,SG-8724,10:40,Delhi,11h 00m,1,21:40,Kolkata,7655
2955,Indigo,6E-2485,13:25,Delhi,04h 05m,1,17:30,Kolkata,8227
2956,Indigo,6E- 902,15:55,Delhi,05h 00m,1,20:55,Kolkata,8227
2957,Indigo,6E-2481,12:25,Delhi,05h 05m,1,17:30,Kolkata,8227
2958,Indigo,6E-6198,16:20,Delhi,05h 15m,1,21:35,Kolkata,8398
2962,Indigo,6E- 216,11:55,Delhi,06h 35m,1,18:30,Kolkata,8824
2963,AirAsia,I5-548,07:20,Delhi,05h 20m,1,12:40,Kolkata,9760
2967,Indigo,6E- 307,05:30,Delhi,05h 55m,1,11:25,Kolkata,9734
2974,Indigo,6E-5037,05:15,Delhi,05h 00m,1,10:15,Kolkata,10813
2976,GO FIRST,G8- 713,19:15,Delhi,13h 20m,1,08:35,Kolkata,13163
2978,AirAsia,I5-768,15:30,Delhi,11h 45m,1,03:15,Kolkata,12941
2979,Indigo,6E-2191,12:45,Delhi,05h 30m,1,18:15,Kolkata,11624
2980,Indigo,6E-2104,19:30,Delhi,06h 15m,1,01:45,Kolkata,11677
2982,Indigo,6E-2615,10:30,Delhi,06h 10m,1,16:40,Kolkata,12097
2983,Indigo,6E-2615,10:30,Delhi,06h 30m,1,17:00,Kolkata,12097
2984,Indigo,6E- 251,04:45,Delhi,05h 25m,1,10:10,Kolkata,12202
2985,Indigo,6E-2325,01:50,Delhi,06h 30m,1,08:20,Kolkata,12307
2986,SpiceJet,SG-8701,07:20,Delhi,14h 10m,1,21:30,Kolkata,12850
2987,Indigo,6E-7403,07:20,Delhi,05h 10m,1,12:30,Kolkata,12832
2988,Indigo,6E-2331,06:40,Delhi,06h 40m,1,13:20,Kolkata,12832
2989,Indigo,6E-2087,14:00,Delhi,05h 00m,1,19:00,Kolkata,12928
2990,Indigo,6E- 147,23:30,Delhi,06h 30m,1,06:00,Kolkata,13147
2991,Indigo,6E-5026,04:45,Delhi,06h 40m,1,11:25,Kolkata,13248
2992,AirAsia,I5-550,22:15,Delhi,14h 25m,1,12:40,Kolkata,13646
2993,SpiceJet,SG- 711,21:40,Delhi,17h 15m,1,14:55,Kolkata,14004
2994,SpiceJet,SG-8169,19:45,Delhi,19h 10m,1,14:55,Kolkata,14004
2995,Indigo,6E-5401,14:25,Delhi,05h 35m,1,20:00,Kolkata,13567
2996,Indigo,6E-5401,14:25,Delhi,06h 10m,1,20:35,Kolkata,13567
2997,Indigo,6E- 177,02:00,Delhi,06h 35m,1,08:35,Kolkata,13672
2998,Indigo,6E- 864,16:15,Delhi,06h 40m,1,22:55,Kolkata,13882
2999,SpiceJet,SG- 191,06:05,Delhi,19h 05m,1,01:10,Kolkata,14355
3000,SpiceJet,SG- 711,21:40,Delhi,23h 50m,1,21:30,Kolkata,14530
3001,SpiceJet,SG-8169,19:45,Delhi,25h 45m,1,21:30,Kolkata,14530
3002,Air India,AI-889,09:30,Delhi,07h 05m,1,16:35,Kolkata,14375
3003,Indigo,6E-2153,13:25,Delhi,05h 50m,1,19:15,Kolkata,14407
3004,Indigo,6E-2004,12:45,Delhi,06h 30m,1,19:15,Kolkata,14407
3005,Vistara,UK-975,05:55,Delhi,11h 00m,1,16:55,Kolkata,15510
3006,Vistara,UK-951,14:20,Delhi,19h 20m,1,09:40,Kolkata,15510
3007,Indigo,6E-2001,16:55,Delhi,06h 20m,1,23:15,Kolkata,15562
3009,Air India,AI-814,22:30,Delhi,10h 20m,1,08:50,Kolkata,15720
3010,Air India,AI-605,21:15,Delhi,11h 35m,1,08:50,Kolkata,15720
3011,Air India,AI-544,16:50,Delhi,15h 25m,1,08:15,Kolkata,15720
3012,Air India,AI-863,14:00,Delhi,18h 50m,1,08:50,Kolkata,15720
3013,Air India,AI-678,09:00,Delhi,23h 50m,1,08:50,Kolkata,15720
3014,Air India,AI-665,08:00,Delhi,24h 50m,1,08:50,Kolkata,15720
3015,Air India,AI-887,07:00,Delhi,25h 50m,1,08:50,Kolkata,15720
3016,Air India,AI-489,18:55,Delhi,27h 25m,1,22:20,Kolkata,15897
3017,GO FIRST,G8- 113,05:50,Delhi,16h 30m,1,22:20,Kolkata,18412
3018,Air India,AI-805,20:00,Delhi,12h 50m,1,08:50,Kolkata,15930
3019,Air India,AI-624,19:00,Delhi,13h 50m,1,08:50,Kolkata,15930
3020,Air India,AI-441,17:55,Delhi,14h 55m,1,08:50,Kolkata,15930
3021,GO FIRST,G8- 119,20:45,Delhi,11h 05m,1,07:50,Kolkata,16567
3024,SpiceJet,SG-8152,10:20,Delhi,10h 25m,1,20:45,Kolkata,16648
3027,Vistara,UK-927,09:30,Delhi,07h 25m,1,16:55,Kolkata,16382
3028,Vistara,UK-963,08:50,Delhi,08h 05m,1,16:55,Kolkata,16382
3029,Vistara,UK-943,07:30,Delhi,09h 25m,1,16:55,Kolkata,16382
3030,Vistara,UK-981,21:30,Delhi,12h 10m,1,09:40,Kolkata,16382
3031,Vistara,UK-955,17:45,Delhi,15h 55m,1,09:40,Kolkata,16382
3032,Vistara,UK-941,16:55,Delhi,16h 45m,1,09:40,Kolkata,16382
3033,Air India,AI-863,14:00,Delhi,09h 50m,1,23:50,Kolkata,16455
3034,Air India,AI-865,10:00,Delhi,13h 50m,1,23:50,Kolkata,16455
3035,Air India,AI-678,09:00,Delhi,14h 50m,1,23:50,Kolkata,16455
3036,Air India,AI-665,08:00,Delhi,15h 50m,1,23:50,Kolkata,16455
3037,Air India,AI-887,07:00,Delhi,16h 50m,1,23:50,Kolkata,16455
3038,Air India,AI-441,17:55,Delhi,05h 55m,1,23:50,Kolkata,16665
3039,Vistara,UK-951,14:20,Delhi,05h 35m,1,19:55,Kolkata,16770
3040,Vistara,UK-993,12:45,Delhi,07h 10m,1,19:55,Kolkata,16770
3041,Vistara,UK-945,11:40,Delhi,08h 15m,1,19:55,Kolkata,16770
3042,Vistara,UK-975,05:55,Delhi,14h 00m,1,19:55,Kolkata,16770
3044,Vistara,UK-981,21:30,Delhi,19h 25m,1,16:55,Kolkata,17012
3045,Vistara,UK-955,17:45,Delhi,23h 10m,1,16:55,Kolkata,17012
3046,Vistara,UK-941,16:55,Delhi,24h 00m,1,16:55,Kolkata,17012
3047,Air India,AI-429,09:45,Delhi,24h 55m,1,10:40,Kolkata,17085
3048,Air India,AI-439,05:55,Delhi,28h 45m,1,10:40,Kolkata,17085
3052,Vistara,UK-995,10:20,Delhi,06h 35m,1,16:55,Kolkata,17253
3053,Vistara,UK-953,20:40,Delhi,13h 00m,1,09:40,Kolkata,17253
3054,Vistara,UK-985,19:45,Delhi,13h 55m,1,09:40,Kolkata,17253
3055,Vistara,UK-933,15:30,Delhi,18h 10m,1,09:40,Kolkata,17253
3056,Air India,AI-537,16:15,Delhi,18h 25m,1,10:40,Kolkata,17295
3057,Air India,AI-839,21:30,Delhi,10h 45m,1,08:15,Kolkata,17610
3058,Vistara,UK-927,09:30,Delhi,10h 25m,1,19:55,Kolkata,17642
3059,Vistara,UK-963,08:50,Delhi,11h 05m,1,19:55,Kolkata,17642
3060,Vistara,UK-943,07:30,Delhi,12h 25m,1,19:55,Kolkata,17642
3061,Vistara,UK-981,21:30,Delhi,22h 25m,1,19:55,Kolkata,17642
3064,Air India,AI-540,20:40,Delhi,14h 00m,1,10:40,Kolkata,17820
3065,Vistara,UK-953,20:40,Delhi,20h 15m,1,16:55,Kolkata,17883
3066,Vistara,UK-985,19:45,Delhi,21h 10m,1,16:55,Kolkata,17883
3067,Indigo,6E-2031,06:40,Delhi,05h 55m,1,12:35,Kolkata,18029
3068,Vistara,UK-977,19:00,Delhi,14h 40m,1,09:40,Kolkata,18133
3069,Air India,AI-636,14:30,Delhi,18h 20m,1,08:50,Kolkata,18345
3070,Air India,AI-542,09:45,Delhi,22h 30m,1,08:15,Kolkata,18503
3071,Vistara,UK-995,10:20,Delhi,09h 35m,1,19:55,Kolkata,18513
3072,Vistara,UK-953,20:40,Delhi,23h 15m,1,19:55,Kolkata,18513
3073,Indigo,6E- 262,07:30,Delhi,06h 25m,1,13:55,Kolkata,18712
3074,Vistara,UK-977,19:00,Delhi,21h 55m,1,16:55,Kolkata,18763
3075,Air India,AI-636,14:30,Delhi,09h 20m,1,23:50,Kolkata,19080
3076,Indigo,6E-2079,09:35,Delhi,06h 15m,1,15:50,Kolkata,19237
3077,Indigo,6E-2018,07:30,Delhi,05h 45m,1,13:15,Kolkata,19289
3078,Indigo,6E- 155,22:30,Delhi,06h 45m,1,05:15,Kolkata,20077
3079,Indigo,6E-2136,21:15,Delhi,08h 00m,1,05:15,Kolkata,20077
3080,Indigo,6E-2104,19:30,Delhi,09h 45m,1,05:15,Kolkata,20077
3081,Indigo,6E-6823,18:05,Delhi,07h 40m,1,01:45,Kolkata,20497
3083,Indigo,6E-2153,13:25,Delhi,09h 05m,1,22:30,Kolkata,20707
3084,Indigo,6E-2004,12:45,Delhi,09h 45m,1,22:30,Kolkata,20707
3085,GO FIRST,G8-3147,06:00,Delhi,10h 00m,1,16:00,Kolkata,21703
3087,Indigo,6E-2187,15:00,Delhi,07h 30m,1,22:30,Kolkata,21127
3088,Indigo,6E-2112,05:30,Delhi,06h 55m,1,12:25,Kolkata,21337
3089,Indigo,6E-2009,02:10,Delhi,07h 00m,1,09:10,Kolkata,21337
3090,Indigo,6E-2009,02:10,Delhi,08h 10m,1,10:20,Kolkata,21337
3091,Indigo,6E-5318,17:00,Delhi,08h 15m,1,01:15,Kolkata,21337
3092,Indigo,6E- 864,16:15,Delhi,09h 00m,1,01:15,Kolkata,21337
3093,Indigo,6E-5306,15:25,Delhi,09h 50m,1,01:15,Kolkata,21337
3094,Indigo,6E-2017,18:10,Delhi,07h 05m,1,01:15,Kolkata,21547
3096,Indigo,6E-2129,08:00,Delhi,07h 40m,1,15:40,Kolkata,21652
3097,Indigo,6E-6814,07:20,Delhi,08h 20m,1,15:40,Kolkata,21652
3098,Indigo,6E-5023,06:30,Delhi,09h 10m,1,15:40,Kolkata,21652
3099,SpiceJet,SG-8125,07:40,Delhi,05h 30m,1,13:10,Kolkata,22649
3100,SpiceJet,SG-8903,06:30,Delhi,06h 40m,1,13:10,Kolkata,22649
3101,Indigo,6E-5306,15:25,Delhi,07h 30m,1,22:55,Kolkata,22282
3102,Indigo,6E-2519,23:35,Delhi,09h 35m,1,09:10,Kolkata,22282
3106,Indigo,6E-2005,09:55,Delhi,07h 20m,1,17:15,Kolkata,22492
3107,Indigo,6E-2774,07:55,Delhi,09h 20m,1,17:15,Kolkata,22492
3108,Indigo,6E-2005,09:55,Delhi,09h 20m,1,19:15,Kolkata,22807
3109,Indigo,6E-2138,11:55,Delhi,08h 15m,1,20:10,Kolkata,22912
3110,Indigo,6E-5342,10:45,Delhi,09h 25m,1,20:10,Kolkata,22912
3111,Indigo,6E-2127,17:15,Delhi,04h 55m,1,22:10,Kolkata,23332
3112,Air India,AI-889,09:30,Delhi,23h 50m,1,09:20,Kolkata,24750
3113,AirAsia,I5-767,10:05,Delhi,04h 45m,1,14:50,Kolkata,29322
3114,GO FIRST,G8- 336,14:30,Delhi,08h 15m,1,22:45,Kolkata,31573
3115,GO FIRST,G8- 328,13:20,Delhi,09h 25m,1,22:45,Kolkata,31573
3116,GO FIRST,G8- 334,07:00,Delhi,15h 45m,1,22:45,Kolkata,31573
3182,Vistara,UK-969,18:10,Delhi,15h 30m,2,09:40,Kolkata,15647
3196,Vistara,UK-929,21:20,Delhi,12h 20m,2,09:40,Kolkata,16148
3197,Vistara,UK-969,18:10,Delhi,15h 30m,2,09:40,Kolkata,16148
3199,Air India,AI-453,05:00,Delhi,27h 50m,2,08:50,Kolkata,16247
3200,Vistara,UK-637,17:10,Delhi,16h 30m,2,09:40,Kolkata,16306
3217,Vistara,UK-706,13:40,Delhi,20h 00m,2,09:40,Kolkata,16967
3223,Air India,AI-453,05:00,Delhi,18h 50m,2,23:50,Kolkata,17092
3224,Vistara,UK-637,17:10,Delhi,23h 45m,2,16:55,Kolkata,17114
3225,Vistara,UK-637,17:10,Delhi,23h 45m,2,16:55,Kolkata,17114
3236,Vistara,UK-706,13:40,Delhi,27h 15m,2,16:55,Kolkata,17776
3237,Vistara,UK-706,13:40,Delhi,27h 15m,2,16:55,Kolkata,17776
3256,Vistara,UK-829,07:20,Delhi,12h 35m,2,19:55,Kolkata,20655
3260,Vistara,UK-673,13:20,Delhi,20h 20m,2,09:40,Kolkata,21031
3269,Vistara,UK-839,13:35,Delhi,20h 05m,2,09:40,Kolkata,21619
3277,Vistara,UK-835,19:55,Delhi,21h 00m,2,16:55,Kolkata,22427
3278,Vistara,UK-835,19:55,Delhi,21h 00m,2,16:55,Kolkata,22427
3279,Vistara,UK-837,17:25,Delhi,23h 30m,2,16:55,Kolkata,22427
3291,SpiceJet,SG-8185,09:25,Delhi,01h 55m,0,11:20,Pune,5951
3292,SpiceJet,SG-8190,20:25,Delhi,02h 10m,0,22:35,Pune,5951
3293,SpiceJet,SG-8938,17:05,Delhi,02h 20m,0,19:25,Pune,5951
3294,GO FIRST,G8-2513,16:55,Delhi,02h 05m,0,19:00,Pune,5060
3295,GO FIRST,G8-1171,18:50,Delhi,02h 05m,0,20:55,Pune,5060
3296,GO FIRST,G8- 275,20:05,Delhi,02h 10m,0,22:15,Pune,5060
3297,AirAsia,I5-768,15:30,Delhi,01h 55m,0,17:25,Pune,5952
3298,AirAsia,I5-764,04:10,Delhi,02h 05m,0,06:15,Pune,5952
3299,AirAsia,I5-737,22:50,Delhi,02h 15m,0,01:05,Pune,5952
3300,Indigo,6E- 671,21:20,Delhi,01h 45m,0,23:05,Pune,5954
3301,Indigo,6E- 147,23:30,Delhi,01h 50m,0,01:20,Pune,5954
3302,Indigo,6E- 643,04:55,Delhi,02h 00m,0,06:55,Pune,5954
3303,Indigo,6E-2769,08:30,Delhi,02h 05m,0,10:35,Pune,5954
3304,Indigo,6E- 972,13:35,Delhi,02h 05m,0,15:40,Pune,5954
3305,Indigo,6E-2143,17:55,Delhi,02h 10m,0,20:05,Pune,5954
3306,Indigo,6E- 177,02:00,Delhi,02h 15m,0,04:15,Pune,5954
3307,Vistara,UK-991,17:45,Delhi,02h 15m,0,20:00,Pune,5955
3308,Air India,AI-849,16:10,Delhi,02h 00m,0,18:10,Pune,6165
3309,Air India,AI-853,18:50,Delhi,02h 20m,0,21:10,Pune,6165
3310,Vistara,UK-971,08:40,Delhi,02h 00m,0,10:40,Pune,6827
3311,Vistara,UK-997,14:10,Delhi,02h 10m,0,16:20,Pune,6827
3312,Vistara,UK-973,20:50,Delhi,02h 15m,0,23:05,Pune,6827
3313,Air India,AI-857,13:20,Delhi,02h 00m,0,15:20,Pune,7320
3314,Air India,AI-851,04:55,Delhi,02h 05m,0,07:00,Pune,7320
3428,SpiceJet,SG- 913,19:00,Delhi,12h 25m,1,07:25,Pune,7909
3429,Indigo,6E-2033,00:15,Delhi,04h 10m,1,04:25,Pune,8579
3430,Indigo,6E-2004,12:45,Delhi,04h 30m,1,17:15,Pune,8579
3431,Indigo,6E-6939,17:20,Delhi,04h 45m,1,22:05,Pune,8579
3432,Indigo,6E- 184,09:50,Delhi,05h 15m,1,15:05,Pune,8579
3433,Indigo,6E-2005,09:55,Delhi,05h 15m,1,15:10,Pune,8579
3434,Indigo,6E-6823,18:05,Delhi,05h 25m,1,23:30,Pune,8579
3435,Indigo,6E- 607,22:30,Delhi,05h 55m,1,04:25,Pune,8579
3436,Indigo,6E-2774,07:55,Delhi,07h 15m,1,15:10,Pune,8579
3437,Indigo,6E-2005,09:55,Delhi,07h 20m,1,17:15,Pune,8579
3438,Air India,AI-481,08:25,Delhi,03h 45m,1,12:10,Pune,8580
3439,Indigo,6E-2006,18:45,Delhi,05h 30m,1,00:15,Pune,8741
3440,Air India,AI-817,05:15,Delhi,06h 55m,1,12:10,Pune,9000
3441,SpiceJet,SG-8105,22:00,Delhi,24h 40m,1,22:40,Pune,9733
3442,SpiceJet,SG- 162,21:00,Delhi,25h 40m,1,22:40,Pune,9733
3443,GO FIRST,G8- 113,05:50,Delhi,13h 20m,1,19:10,Pune,9747
3444,Indigo,6E-6198,16:20,Delhi,06h 50m,1,23:10,Pune,10141
3445,AirAsia,I5-740,08:10,Delhi,06h 05m,1,14:15,Pune,12541
3446,AirAsia,I5-721,21:00,Delhi,08h 00m,1,05:00,Pune,12541
3447,AirAsia,I5-1529,09:35,Delhi,13h 50m,1,23:25,Pune,12541
3448,AirAsia,I5-740,08:10,Delhi,15h 15m,1,23:25,Pune,12541
3449,SpiceJet,SG-2962,06:15,Delhi,04h 30m,1,10:45,Pune,10993
3450,Indigo,6E- 155,22:30,Delhi,07h 15m,1,05:45,Pune,10627
3451,Indigo,6E-2077,05:20,Delhi,07h 50m,1,13:10,Pune,10673
3452,Indigo,6E-2792,19:00,Delhi,07h 40m,1,02:40,Pune,10721
3453,AirAsia,I5-1732,21:50,Delhi,07h 10m,1,05:00,Pune,13015
3454,AirAsia,I5-857,18:45,Delhi,10h 15m,1,05:00,Pune,13015
3455,GO FIRST,G8- 101,05:45,Delhi,07h 15m,1,13:00,Pune,11392
3456,SpiceJet,SG- 957,15:10,Delhi,10h 55m,1,02:05,Pune,11520
3457,Indigo,6E-2697,06:50,Delhi,06h 10m,1,13:00,Pune,11152
3458,Indigo,6E-2127,17:15,Delhi,06h 20m,1,23:35,Pune,11171
3459,Indigo,6E- 505,21:45,Delhi,04h 55m,1,02:40,Pune,11257
3460,SpiceJet,SG-8724,10:40,Delhi,06h 15m,1,16:55,Pune,11832
3461,Vistara,UK-811,06:15,Delhi,12h 05m,1,18:20,Pune,12150
3462,Vistara,UK-811,06:15,Delhi,23h 40m,1,05:55,Pune,12150
3463,Indigo,6E-2131,21:30,Delhi,06h 25m,1,03:55,Pune,12357
3464,Indigo,6E-5009,06:55,Delhi,05h 25m,1,12:20,Pune,12464
3465,Indigo,6E-6612,06:00,Delhi,06h 20m,1,12:20,Pune,12464
3466,Indigo,6E-2188,11:30,Delhi,06h 55m,1,18:25,Pune,12882
3467,Indigo,6E-2532,20:10,Delhi,07h 45m,1,03:55,Pune,12882
3468,SpiceJet,SG-8171,12:05,Delhi,14h 00m,1,02:05,Pune,13410
3469,Indigo,6E-5186,13:00,Delhi,05h 25m,1,18:25,Pune,13302
3470,GO FIRST,G8- 119,20:45,Delhi,10h 00m,1,06:45,Pune,14007
3471,Indigo,6E-2169,17:25,Delhi,06h 55m,1,00:20,Pune,14039
3472,Indigo,6E-2015,18:30,Delhi,05h 55m,1,00:25,Pune,14089
3473,Indigo,6E-2061,23:00,Delhi,06h 05m,1,05:05,Pune,14092
3476,Vistara,UK-815,08:10,Delhi,10h 10m,1,18:20,Pune,14670
3477,Vistara,UK-815,08:10,Delhi,21h 45m,1,05:55,Pune,14670
3478,Indigo,6E-2487,17:15,Delhi,07h 10m,1,00:25,Pune,14877
3479,Vistara,UK-801,09:05,Delhi,09h 15m,1,18:20,Pune,15300
3480,Vistara,UK-807,20:40,Delhi,09h 15m,1,05:55,Pune,15300
3481,Vistara,UK-813,17:35,Delhi,12h 20m,1,05:55,Pune,15300
3482,Vistara,UK-817,16:05,Delhi,13h 50m,1,05:55,Pune,15300
3483,Vistara,UK-819,14:15,Delhi,15h 40m,1,05:55,Pune,15300
3484,Vistara,UK-801,09:05,Delhi,20h 50m,1,05:55,Pune,15300
3486,Vistara,UK-809,19:50,Delhi,10h 05m,1,05:55,Pune,15930
3487,Vistara,UK-807,20:40,Delhi,21h 40m,1,18:20,Pune,16623
3488,Vistara,UK-813,17:35,Delhi,24h 45m,1,18:20,Pune,16623
3489,Vistara,UK-817,16:05,Delhi,26h 15m,1,18:20,Pune,16623
3490,Vistara,UK-819,14:15,Delhi,28h 05m,1,18:20,Pune,16623
3494,Vistara,UK-809,19:50,Delhi,22h 30m,1,18:20,Pune,17253
3504,Indigo,6E-2517,20:00,Delhi,06h 50m,1,02:50,Pune,17452
3513,Indigo,6E- 912,17:45,Delhi,05h 55m,1,23:40,Pune,20707
3514,Indigo,6E-6172,20:30,Delhi,05h 30m,1,02:00,Pune,20822
3587,Air India,AI-814,22:30,Delhi,37h 40m,2,12:10,Pune,14145
3588,Vistara,UK-859,10:25,Delhi,19h 30m,2,05:55,Pune,14565
3598,Vistara,UK-899,14:45,Delhi,15h 10m,2,05:55,Pune,15437
3604,Vistara,UK-951,14:20,Delhi,15h 35m,2,05:55,Pune,16728
3605,Vistara,UK-993,12:45,Delhi,17h 10m,2,05:55,Pune,16728
3606,Vistara,UK-945,11:40,Delhi,18h 15m,2,05:55,Pune,16728
3608,Vistara,UK-975,05:55,Delhi,12h 25m,2,18:20,Pune,17400
3609,Vistara,UK-951,14:20,Delhi,15h 35m,2,05:55,Pune,17400
3610,Vistara,UK-951,14:20,Delhi,15h 35m,2,05:55,Pune,17400
3611,Vistara,UK-993,12:45,Delhi,17h 10m,2,05:55,Pune,17400
3612,Vistara,UK-993,12:45,Delhi,17h 10m,2,05:55,Pune,17400
3613,Vistara,UK-993,12:45,Delhi,17h 10m,2,05:55,Pune,17400
3614,Vistara,UK-945,11:40,Delhi,18h 15m,2,05:55,Pune,17400
3615,Vistara,UK-945,11:40,Delhi,18h 15m,2,05:55,Pune,17400
3616,Vistara,UK-945,11:40,Delhi,18h 15m,2,05:55,Pune,17400
3618,Vistara,UK-955,17:45,Delhi,12h 10m,2,05:55,Pune,18272
3619,Vistara,UK-941,16:55,Delhi,13h 00m,2,05:55,Pune,18272
3620,Vistara,UK-933,15:30,Delhi,14h 25m,2,05:55,Pune,18471
3621,Vistara,UK-995,10:20,Delhi,19h 35m,2,05:55,Pune,18471
3622,Vistara,UK-933,15:30,Delhi,14h 25m,2,05:55,Pune,19143
3623,Vistara,UK-995,10:20,Delhi,19h 35m,2,05:55,Pune,19143
3624,Vistara,UK-995,10:20,Delhi,19h 35m,2,05:55,Pune,19143
3625,Vistara,UK-995,10:20,Delhi,19h 35m,2,05:55,Pune,19143
3628,Vistara,UK-847,11:10,Delhi,07h 10m,2,18:20,Pune,28215
3629,Vistara,UK-847,11:10,Delhi,18h 45m,2,05:55,Pune,28215
3630,SpiceJet,SG-8922,23:55,Kolkata,02h 30m,0,02:25,Delhi,6501
3631,SpiceJet,SG-8264,15:40,Kolkata,02h 15m,0,17:55,Delhi,6926
3632,SpiceJet,SG-8252,21:45,Kolkata,02h 20m,0,00:05,Delhi,6926
3633,SpiceJet,SG-8373,07:30,Kolkata,02h 25m,0,09:55,Delhi,6926
3634,Indigo,6E-2746,23:45,Kolkata,02h 10m,0,01:55,Delhi,6507
3635,Indigo,6E- 898,19:10,Kolkata,02h 15m,0,21:25,Delhi,6507
3636,Indigo,6E-2083,18:10,Kolkata,02h 20m,0,20:30,Delhi,6507
3637,Indigo,6E-6869,20:20,Kolkata,02h 25m,0,22:45,Delhi,6507
3638,Indigo,6E-2716,21:35,Kolkata,02h 30m,0,00:05,Delhi,6507
3639,GO FIRST,G8- 102,14:20,Kolkata,02h 25m,0,16:45,Delhi,7101
3642,Indigo,6E-2474,05:20,Kolkata,02h 10m,0,07:30,Delhi,7347
3643,Indigo,6E- 375,06:55,Kolkata,02h 20m,0,09:15,Delhi,7347
3644,Vistara,UK-708,20:20,Kolkata,02h 20m,0,22:40,Delhi,7379
3645,Vistara,UK-720,07:10,Kolkata,02h 25m,0,09:35,Delhi,7379
3647,Indigo,6E- 861,08:50,Kolkata,02h 20m,0,11:10,Delhi,7767
3648,Indigo,6E- 759,15:15,Kolkata,02h 20m,0,17:35,Delhi,7767
3649,Indigo,6E-2516,16:35,Kolkata,02h 30m,0,19:05,Delhi,7767
3650,Indigo,6E-5345,10:10,Kolkata,02h 15m,0,12:25,Delhi,8187
3651,Indigo,6E- 358,11:40,Kolkata,02h 20m,0,14:00,Delhi,8187
3652,Vistara,UK-738,18:45,Kolkata,02h 25m,0,21:10,Delhi,8250
3662,Vistara,UK-706,10:15,Kolkata,02h 25m,0,12:40,Delhi,9130
3663,Vistara,UK-778,15:20,Kolkata,02h 25m,0,17:45,Delhi,9130
3667,Air India,AI-763,06:50,Kolkata,02h 25m,0,09:15,Delhi,10340
3668,Air India,AI-402,10:30,Kolkata,02h 30m,0,13:00,Delhi,10340
3670,Air India,AI-768,15:30,Kolkata,02h 25m,0,17:55,Delhi,11075
3671,Air India,AI-770,20:30,Kolkata,02h 15m,0,22:45,Delhi,11495
3779,GO FIRST,G8- 519,16:45,Kolkata,06h 45m,1,23:30,Delhi,9130
3780,GO FIRST,G8- 519,16:45,Kolkata,09h 05m,1,01:50,Delhi,9130
3785,SpiceJet,SG-9509,18:20,Kolkata,20h 45m,1,15:05,Delhi,8016
3792,Indigo,6E- 114,18:00,Kolkata,04h 10m,1,22:10,Delhi,8432
3793,Indigo,6E-6926,14:40,Kolkata,05h 20m,1,20:00,Delhi,8432
3794,Indigo,6E- 114,18:00,Kolkata,05h 30m,1,23:30,Delhi,8432
3795,Indigo,6E-6926,14:40,Kolkata,07h 30m,1,22:10,Delhi,8432
3796,Indigo,6E-6926,14:40,Kolkata,08h 50m,1,23:30,Delhi,8432
3797,Indigo,6E-6324,07:05,Kolkata,09h 10m,1,16:15,Delhi,8432
3798,Indigo,6E-6324,07:05,Kolkata,10h 15m,1,17:20,Delhi,8432
3799,Indigo,6E-7561,07:15,Kolkata,07h 15m,1,14:30,Delhi,8797
3800,AirAsia,I5-634,08:40,Kolkata,13h 25m,1,22:05,Delhi,9682
3803,Indigo,6E- 997,19:00,Kolkata,05h 40m,1,00:40,Delhi,9447
3804,Indigo,6E-6488,12:05,Kolkata,06h 55m,1,19:00,Delhi,10077
3805,Indigo,6E-6488,12:05,Kolkata,09h 30m,1,21:35,Delhi,10077
3808,Indigo,6E- 378,14:15,Kolkata,09h 15m,1,23:30,Delhi,10558
3811,Indigo,6E- 378,14:15,Kolkata,04h 15m,1,18:30,Delhi,11713
3812,SpiceJet,SG- 489,23:05,Kolkata,10h 30m,1,09:35,Delhi,12563
3813,SpiceJet,SG- 489,23:05,Kolkata,23h 20m,1,22:25,Delhi,12563
3814,SpiceJet,SG- 489,23:05,Kolkata,27h 45m,1,02:50,Delhi,12563
3815,Indigo,6E- 856,18:30,Kolkata,04h 55m,1,23:25,Delhi,12125
3816,Indigo,6E- 394,14:50,Kolkata,08h 35m,1,23:25,Delhi,12125
3817,AirAsia,I5-554,21:40,Kolkata,06h 05m,1,03:45,Delhi,14124
3818,AirAsia,I5-554,21:40,Kolkata,11h 25m,1,09:05,Delhi,14124
3819,Indigo,6E- 394,14:50,Kolkata,07h 05m,1,21:55,Delhi,12545
3820,GO FIRST,G8- 537,16:40,Kolkata,06h 30m,1,23:10,Delhi,14564
3821,Air India,AI-676,09:25,Kolkata,08h 55m,1,18:20,Delhi,14277
3822,Air India,AI-676,09:25,Kolkata,09h 45m,1,19:10,Delhi,14277
3823,Air India,AI-676,09:25,Kolkata,10h 45m,1,20:10,Delhi,14277
3824,Air India,AI-676,09:25,Kolkata,11h 50m,1,21:15,Delhi,14277
3825,Air India,AI-676,09:25,Kolkata,13h 50m,1,23:15,Delhi,14277
3826,Vistara,UK-774,20:35,Kolkata,12h 00m,1,08:35,Delhi,14865
3827,Vistara,UK-774,20:35,Kolkata,17h 30m,1,14:05,Delhi,14865
3828,Air India,AI-676,09:25,Kolkata,29h 35m,1,15:00,Delhi,14906
3829,Air India,AI-777,16:10,Kolkata,06h 55m,1,23:05,Delhi,14979
3830,Air India,AI-727,05:50,Kolkata,12h 50m,1,18:40,Delhi,15012
3831,Vistara,UK-774,20:35,Kolkata,13h 50m,1,10:25,Delhi,15098
3834,GO FIRST,G8- 538,12:55,Kolkata,05h 40m,1,18:35,Delhi,16166
3835,Vistara,UK-776,17:35,Kolkata,07h 25m,1,01:00,Delhi,15535
3836,Vistara,UK-772,10:25,Kolkata,14h 35m,1,01:00,Delhi,15535
3837,Vistara,UK-776,17:35,Kolkata,15h 00m,1,08:35,Delhi,15535
3838,Air India,AI-676,09:25,Kolkata,13h 55m,1,23:20,Delhi,15569
3839,GO FIRST,G8- 532,09:20,Kolkata,08h 55m,1,18:15,Delhi,17193
3840,SpiceJet,SG- 327,05:20,Kolkata,14h 45m,1,20:05,Delhi,16058
3841,Vistara,UK-776,17:35,Kolkata,14h 45m,1,08:20,Delhi,15671
3842,Vistara,UK-774,20:35,Kolkata,13h 00m,1,09:35,Delhi,15737
3843,Vistara,UK-774,20:35,Kolkata,17h 45m,1,14:20,Delhi,15737
3844,Vistara,UK-774,20:35,Kolkata,23h 05m,1,19:40,Delhi,15737
3845,Air India,AI-733,10:00,Kolkata,08h 40m,1,18:40,Delhi,15872
3846,SpiceJet,SG-3281,17:45,Kolkata,25h 20m,1,19:05,Delhi,16361
3847,Vistara,UK-774,20:35,Kolkata,14h 25m,1,11:00,Delhi,15947
3848,SpiceJet,SG- 327,05:20,Kolkata,27h 15m,1,08:35,Delhi,16481
3849,GO FIRST,G8- 393,10:30,Kolkata,13h 05m,1,23:35,Delhi,16687
3850,Vistara,UK-772,10:25,Kolkata,06h 30m,1,16:55,Delhi,16406
3851,Vistara,UK-776,17:35,Kolkata,06h 35m,1,00:10,Delhi,16406
3852,Vistara,UK-772,10:25,Kolkata,13h 45m,1,00:10,Delhi,16406
3853,Vistara,UK-776,17:35,Kolkata,16h 00m,1,09:35,Delhi,16406
3856,Vistara,UK-774,20:35,Kolkata,21h 30m,1,18:05,Delhi,16608
3857,Vistara,UK-776,17:35,Kolkata,17h 25m,1,11:00,Delhi,16616
3858,Indigo,6E-6214,08:45,Kolkata,09h 25m,1,18:10,Delhi,16692
3859,Air India,AI-721,13:40,Kolkata,26h 35m,1,16:15,Delhi,16974
3860,Indigo,6E- 811,11:15,Kolkata,10h 40m,1,21:55,Delhi,17133
3861,Air India,AI-729,09:50,Kolkata,08h 50m,1,18:40,Delhi,17217
3862,Vistara,UK-772,10:25,Kolkata,07h 40m,1,18:05,Delhi,17278
3863,Vistara,UK-772,10:25,Kolkata,09h 15m,1,19:40,Delhi,17278
3864,Vistara,UK-774,20:35,Kolkata,16h 05m,1,12:40,Delhi,17488
3865,Vistara,UK-774,20:35,Kolkata,20h 20m,1,16:55,Delhi,17488
3866,AirAsia,I5-582,09:10,Kolkata,05h 45m,1,14:55,Delhi,18219
3867,Air India,AI-785,17:00,Kolkata,06h 05m,1,23:05,Delhi,17637
3869,GO FIRST,G8- 393,10:30,Kolkata,11h 10m,1,21:40,Delhi,18263
3870,Air India,AI-785,17:00,Kolkata,15h 55m,1,08:55,Delhi,17952
3871,Vistara,UK-772,10:25,Kolkata,10h 15m,1,20:40,Delhi,18158
3872,Vistara,UK-772,10:25,Kolkata,11h 30m,1,21:55,Delhi,18158
3873,Vistara,UK-772,10:25,Kolkata,12h 35m,1,23:00,Delhi,18158
3874,Air India,AI-526,19:00,Kolkata,13h 55m,1,08:55,Delhi,18425
3875,Indigo,6E- 751,12:30,Kolkata,06h 15m,1,18:45,Delhi,18477
3876,Vistara,UK-774,20:35,Kolkata,19h 00m,1,15:35,Delhi,18561
3877,Vistara,UK-774,20:35,Kolkata,26h 10m,1,22:45,Delhi,18561
3878,Vistara,UK-774,20:35,Kolkata,11h 30m,1,08:05,Delhi,18750
3879,Indigo,6E- 429,10:55,Kolkata,07h 15m,1,18:10,Delhi,18834
3880,Vistara,UK-774,20:35,Kolkata,23h 20m,1,19:55,Delhi,19088
3881,Air India,AI-526,19:00,Kolkata,23h 30m,1,18:30,Delhi,19160
3882,GO FIRST,G8- 792,16:45,Kolkata,07h 50m,1,00:35,Delhi,19771
3883,GO FIRST,G8- 792,16:45,Kolkata,15h 40m,1,08:25,Delhi,19771
3884,Vistara,UK-776,17:35,Kolkata,14h 30m,1,08:05,Delhi,19420
3885,Vistara,UK-776,17:35,Kolkata,15h 25m,1,09:00,Delhi,19425
3886,Vistara,UK-774,20:35,Kolkata,19h 00m,1,15:35,Delhi,19425
3887,Vistara,UK-776,17:35,Kolkata,22h 00m,1,15:35,Delhi,19425
3888,Vistara,UK-776,17:35,Kolkata,22h 00m,1,15:35,Delhi,19425
3889,Vistara,UK-776,17:35,Kolkata,22h 00m,1,15:35,Delhi,19425
3890,Vistara,UK-772,10:25,Kolkata,22h 35m,1,09:00,Delhi,19425
3891,Vistara,UK-772,10:25,Kolkata,22h 35m,1,09:00,Delhi,19425
3892,Vistara,UK-774,20:35,Kolkata,26h 10m,1,22:45,Delhi,19425
3893,Air India,AI-526,19:00,Kolkata,17h 20m,1,12:20,Delhi,19527
3894,Vistara,UK-774,20:35,Kolkata,23h 20m,1,19:55,Delhi,19952
3895,Vistara,UK-774,20:35,Kolkata,15h 55m,1,12:30,Delhi,20138
3896,Vistara,UK-772,10:25,Kolkata,11h 00m,1,21:25,Delhi,21074
3897,Vistara,UK-772,10:25,Kolkata,11h 55m,1,22:20,Delhi,21074
3898,Vistara,UK-772,10:25,Kolkata,13h 20m,1,23:45,Delhi,21601
3899,Indigo,6E- 205,10:40,Kolkata,08h 05m,1,18:45,Delhi,21627
3900,SpiceJet,SG-4127,10:20,Kolkata,07h 40m,1,18:00,Delhi,24566
3901,Indigo,6E-6154,08:55,Kolkata,07h 00m,1,15:55,Delhi,25412
3902,Indigo,6E-6154,08:55,Kolkata,10h 45m,1,19:40,Delhi,25412
3903,SpiceJet,SG-4127,10:20,Kolkata,26h 15m,1,12:35,Delhi,25932
3904,SpiceJet,SG-3229,14:45,Kolkata,21h 50m,1,12:35,Delhi,26562
3905,SpiceJet,SG-4127,10:20,Kolkata,25h 05m,1,11:25,Delhi,27506
3906,SpiceJet,SG-3229,14:45,Kolkata,20h 40m,1,11:25,Delhi,28136
3907,Air India,AI-787,05:35,Kolkata,09h 10m,1,14:45,Delhi,41859
3971,Air India,AI-773,17:15,Kolkata,21h 45m,2,15:00,Delhi,15116
3972,Air India,AI-773,17:15,Kolkata,06h 00m,2,23:15,Delhi,15117
3993,Air India,AI-773,17:15,Kolkata,15h 50m,2,09:05,Delhi,16482
3994,Air India,AI-773,17:15,Kolkata,17h 00m,2,10:15,Delhi,16482
4007,Air India,AI-773,17:15,Kolkata,17h 45m,2,11:00,Delhi,17742
4047,AkasaAir,QP-1103,23:25,Mumbai,01h 35m,0,01:00,Bangalore,4204
4048,AkasaAir,QP-1110,09:15,Mumbai,01h 45m,0,11:00,Bangalore,4204
4049,AkasaAir,QP-1105,13:55,Mumbai,01h 45m,0,15:40,Bangalore,4204
4050,Air India,AI-603,06:10,Mumbai,01h 40m,0,07:50,Bangalore,4506
4051,Air India,AI-639,09:30,Mumbai,01h 40m,0,11:10,Bangalore,4506
4052,AkasaAir,QP-1306,18:40,Mumbai,01h 35m,0,20:15,Bangalore,4523
4053,Air India,AI-641,19:00,Mumbai,01h 40m,0,20:40,Bangalore,4716
4054,AirAsia,I5-1784,22:00,Mumbai,01h 50m,0,23:50,Bangalore,5105
4055,GO FIRST,G8- 383,15:20,Mumbai,01h 45m,0,17:05,Bangalore,5602
4056,GO FIRST,G8- 325,22:40,Mumbai,01h 50m,0,00:30,Bangalore,5602
4057,GO FIRST,G8- 317,06:05,Mumbai,01h 40m,0,07:45,Bangalore,5902
4058,AirAsia,I5-942,13:05,Mumbai,01h 40m,0,14:45,Bangalore,5494
4059,AirAsia,I5-338,19:00,Mumbai,01h 50m,0,20:50,Bangalore,5494
4060,AirAsia,I5-1569,21:20,Mumbai,01h 50m,0,23:10,Bangalore,5494
4061,Air India,AI-607,16:40,Mumbai,01h 40m,0,18:20,Bangalore,5556
4062,Indigo,6E- 219,14:40,Mumbai,01h 35m,0,16:15,Bangalore,5625
4063,Indigo,6E-5355,13:15,Mumbai,01h 50m,0,15:05,Bangalore,5625
4064,Indigo,6E-6463,07:10,Mumbai,01h 35m,0,08:45,Bangalore,5976
4065,Indigo,6E-6819,00:10,Mumbai,01h 45m,0,01:55,Bangalore,6175
4066,Indigo,6E-6221,17:10,Mumbai,01h 40m,0,18:50,Bangalore,6376
4067,Vistara,UK-865,19:10,Mumbai,01h 45m,0,20:55,Bangalore,6426
4068,Indigo,6E-5252,19:05,Mumbai,01h 40m,0,20:45,Bangalore,6575
4069,Indigo,6E-6293,07:35,Mumbai,01h 45m,0,09:20,Bangalore,6575
4070,GO FIRST,G8- 398,18:00,Mumbai,01h 50m,0,19:50,Bangalore,7099
4071,Vistara,UK-863,09:05,Mumbai,01h 40m,0,10:45,Bangalore,7098
4072,Vistara,UK-857,21:30,Mumbai,01h 40m,0,23:10,Bangalore,7098
4073,Vistara,UK-853,16:00,Mumbai,01h 45m,0,17:45,Bangalore,7098
4074,Vistara,UK-843,17:30,Mumbai,01h 45m,0,19:15,Bangalore,7098
4075,Vistara,UK-845,06:00,Mumbai,01h 50m,0,07:50,Bangalore,7098
4076,Vistara,UK-851,07:00,Mumbai,01h 50m,0,08:50,Bangalore,7098
4090,Indigo,6E- 739,20:30,Mumbai,01h 40m,0,22:10,Bangalore,7176
4091,Indigo,6E-5287,08:30,Mumbai,01h 45m,0,10:15,Bangalore,7475
4098,Indigo,6E-5383,22:40,Mumbai,01h 30m,0,00:10,Bangalore,8376
4099,Indigo,6E-5382,11:45,Mumbai,01h 35m,0,13:20,Bangalore,8376
4241,Indigo,6E-5388,17:30,Mumbai,04h 05m,1,21:35,Bangalore,7098
4242,Indigo,6E-5305,21:00,Mumbai,04h 15m,1,01:15,Bangalore,7098
4243,Indigo,6E- 461,06:05,Mumbai,04h 30m,1,10:35,Bangalore,7098
4244,Indigo,6E-5337,15:25,Mumbai,04h 30m,1,19:55,Bangalore,7098
4245,Indigo,6E- 192,19:55,Mumbai,05h 20m,1,01:15,Bangalore,7098
4246,Indigo,6E-5314,16:05,Mumbai,05h 30m,1,21:35,Bangalore,7098
4247,Indigo,6E-5386,18:05,Mumbai,05h 35m,1,23:40,Bangalore,7098
4248,Indigo,6E-5388,17:30,Mumbai,06h 10m,1,23:40,Bangalore,7098
4249,Indigo,6E-5307,10:15,Mumbai,07h 00m,1,17:15,Bangalore,7098
4250,Indigo,6E- 461,06:05,Mumbai,07h 05m,1,13:10,Bangalore,7098
4251,Indigo,6E-5386,18:05,Mumbai,07h 10m,1,01:15,Bangalore,7098
4252,Indigo,6E-5314,16:05,Mumbai,07h 35m,1,23:40,Bangalore,7098
4253,Indigo,6E-5388,17:30,Mumbai,07h 45m,1,01:15,Bangalore,7098
4256,Indigo,6E- 192,19:55,Mumbai,03h 45m,1,23:40,Bangalore,8096
4257,Indigo,6E-5314,16:05,Mumbai,04h 35m,1,20:40,Bangalore,8096
4258,Indigo,6E- 242,14:10,Mumbai,06h 30m,1,20:40,Bangalore,8096
4259,Indigo,6E- 242,14:10,Mumbai,07h 25m,1,21:35,Bangalore,8096
4260,Vistara,UK-873,06:20,Mumbai,13h 10m,1,19:30,Bangalore,8148
4261,Vistara,UK-873,06:20,Mumbai,26h 25m,1,08:45,Bangalore,8148
4264,Indigo,6E-6597,09:00,Mumbai,04h 10m,1,13:10,Bangalore,8411
4265,Indigo,6E-5205,18:45,Mumbai,05h 00m,1,23:45,Bangalore,8516
4266,Indigo,6E-5236,08:50,Mumbai,05h 45m,1,14:35,Bangalore,8516
4267,Indigo,6E-5399,11:45,Mumbai,07h 55m,1,19:40,Bangalore,8516
4268,Indigo,6E-5299,07:00,Mumbai,07h 00m,1,14:00,Bangalore,8633
4269,AirAsia,I5-331,04:05,Mumbai,04h 10m,1,08:15,Bangalore,9744
4270,Vistara,UK-869,21:20,Mumbai,11h 25m,1,08:45,Bangalore,8705
4271,Vistara,UK-881,19:20,Mumbai,13h 25m,1,08:45,Bangalore,8705
4272,Vistara,UK-869,21:20,Mumbai,22h 10m,1,19:30,Bangalore,8705
4273,Vistara,UK-881,19:20,Mumbai,24h 10m,1,19:30,Bangalore,8705
4274,Indigo,6E- 242,14:10,Mumbai,03h 45m,1,17:55,Bangalore,8726
4275,Indigo,6E- 908,09:15,Mumbai,04h 45m,1,14:00,Bangalore,9240
4276,Vistara,UK-986,22:45,Mumbai,10h 15m,1,09:00,Bangalore,9280
4277,Vistara,UK-952,12:25,Mumbai,20h 35m,1,09:00,Bangalore,9280
4278,Vistara,UK-960,11:55,Mumbai,21h 05m,1,09:00,Bangalore,9280
4279,SpiceJet,SG- 453,01:45,Mumbai,20h 50m,1,22:35,Bangalore,10035
4280,Air India,AI-809,10:00,Mumbai,06h 15m,1,16:15,Bangalore,10070
4281,Air India,AI-866,09:00,Mumbai,07h 15m,1,16:15,Bangalore,10070
4282,Air India,AI-806,08:00,Mumbai,08h 15m,1,16:15,Bangalore,10070
4283,Air India,AI-864,07:00,Mumbai,09h 15m,1,16:15,Bangalore,10070
4284,Air India,AI-677,13:00,Mumbai,11h 05m,1,00:05,Bangalore,10070
4285,Air India,AI-809,10:00,Mumbai,14h 05m,1,00:05,Bangalore,10070
4286,Air India,AI-866,09:00,Mumbai,15h 05m,1,00:05,Bangalore,10070
4287,Air India,AI-806,08:00,Mumbai,16h 05m,1,00:05,Bangalore,10070
4288,Air India,AI-864,07:00,Mumbai,17h 05m,1,00:05,Bangalore,10070
4289,Indigo,6E-5395,17:25,Mumbai,06h 30m,1,23:55,Bangalore,10247
4290,Air India,AI-660,18:00,Mumbai,06h 05m,1,00:05,Bangalore,10280
4291,Air India,AI-442,17:00,Mumbai,07h 05m,1,00:05,Bangalore,10280
4292,Air India,AI-687,16:00,Mumbai,08h 05m,1,00:05,Bangalore,10280
4293,Vistara,UK-950,21:55,Mumbai,11h 05m,1,09:00,Bangalore,10353
4294,Vistara,UK-986,22:45,Mumbai,12h 05m,1,10:50,Bangalore,10353
4295,Vistara,UK-950,21:55,Mumbai,12h 55m,1,10:50,Bangalore,10353
4296,Vistara,UK-952,12:25,Mumbai,22h 25m,1,10:50,Bangalore,10353
4297,Vistara,UK-960,11:55,Mumbai,22h 55m,1,10:50,Bangalore,10353
4298,Air India,AI-635,07:20,Mumbai,08h 55m,1,16:15,Bangalore,10915
4299,Air India,AI-635,07:20,Mumbai,16h 45m,1,00:05,Bangalore,10915
4300,Air India,AI-677,13:00,Mumbai,19h 55m,1,08:55,Bangalore,10915
4301,Air India,AI-809,10:00,Mumbai,22h 55m,1,08:55,Bangalore,10915
4302,Air India,AI-866,09:00,Mumbai,23h 55m,1,08:55,Bangalore,10915
4303,Air India,AI-677,13:00,Mumbai,07h 15m,1,20:15,Bangalore,11125
4304,Air India,AI-809,10:00,Mumbai,10h 15m,1,20:15,Bangalore,11125
4305,Air India,AI-866,09:00,Mumbai,11h 15m,1,20:15,Bangalore,11125
4306,Air India,AI-816,21:00,Mumbai,11h 55m,1,08:55,Bangalore,11125
4307,Air India,AI-806,08:00,Mumbai,12h 15m,1,20:15,Bangalore,11125
4308,Air India,AI-635,07:20,Mumbai,12h 55m,1,20:15,Bangalore,11125
4309,Air India,AI-864,07:00,Mumbai,13h 15m,1,20:15,Bangalore,11125
4310,Air India,AI-888,19:00,Mumbai,13h 55m,1,08:55,Bangalore,11125
4311,Air India,AI-660,18:00,Mumbai,14h 55m,1,08:55,Bangalore,11125
4312,Air India,AI-442,17:00,Mumbai,15h 55m,1,08:55,Bangalore,11125
4313,Air India,AI-687,16:00,Mumbai,16h 55m,1,08:55,Bangalore,11125
4314,Indigo,6E- 128,04:55,Mumbai,04h 35m,1,09:30,Bangalore,11141
4315,AirAsia,I5-331,04:05,Mumbai,12h 20m,1,16:25,Bangalore,12581
4316,Air India,AI-809,10:00,Mumbai,08h 20m,1,18:20,Bangalore,11760
4317,Air India,AI-866,09:00,Mumbai,09h 20m,1,18:20,Bangalore,11760
4318,Air India,AI-806,08:00,Mumbai,10h 20m,1,18:20,Bangalore,11760
4319,Air India,AI-635,07:20,Mumbai,11h 00m,1,18:20,Bangalore,11760
4320,Air India,AI-864,07:00,Mumbai,11h 20m,1,18:20,Bangalore,11760
4321,Vistara,UK-877,10:45,Mumbai,08h 45m,1,19:30,Bangalore,11928
4322,Vistara,UK-877,10:45,Mumbai,22h 00m,1,08:45,Bangalore,11928
4327,Indigo,6E-5395,17:25,Mumbai,04h 50m,1,22:15,Bangalore,12242
4328,SpiceJet,SG- 455,15:35,Mumbai,07h 00m,1,22:35,Bangalore,12873
4329,Vistara,UK-988,20:55,Mumbai,12h 05m,1,09:00,Bangalore,12511
4330,Vistara,UK-986,22:45,Mumbai,13h 05m,1,11:50,Bangalore,12511
4331,Vistara,UK-940,19:45,Mumbai,13h 15m,1,09:00,Bangalore,12511
4332,Vistara,UK-988,20:55,Mumbai,13h 55m,1,10:50,Bangalore,12511
4333,Vistara,UK-950,21:55,Mumbai,13h 55m,1,11:50,Bangalore,12511
4334,Vistara,UK-996,18:30,Mumbai,14h 30m,1,09:00,Bangalore,12511
4335,Vistara,UK-988,20:55,Mumbai,14h 55m,1,11:50,Bangalore,12511
4336,Vistara,UK-940,19:45,Mumbai,15h 05m,1,10:50,Bangalore,12511
4343,Vistara,UK-952,12:25,Mumbai,20h 20m,1,08:45,Bangalore,13356
4344,Air India,AI-816,21:00,Mumbai,15h 30m,1,12:30,Bangalore,13871
4345,Air India,AI-888,19:00,Mumbai,17h 30m,1,12:30,Bangalore,13871
4346,Air India,AI-660,18:00,Mumbai,18h 30m,1,12:30,Bangalore,13871
4347,Vistara,UK-910,17:35,Mumbai,05h 45m,1,23:20,Bangalore,14057
4349,Vistara,UK-952,12:25,Mumbai,06h 25m,1,18:50,Bangalore,14057
4350,Vistara,UK-994,10:25,Mumbai,06h 40m,1,17:05,Bangalore,14057
4351,Vistara,UK-960,11:55,Mumbai,06h 55m,1,18:50,Bangalore,14057
4355,Indigo,6E- 399,16:55,Mumbai,07h 30m,1,00:25,Bangalore,15131
4357,AirAsia,I5-679,20:40,Mumbai,05h 50m,1,02:30,Bangalore,15731
4358,AirAsia,I5-679,20:40,Mumbai,10h 55m,1,07:35,Bangalore,15731
4359,Indigo,6E- 399,16:55,Mumbai,05h 25m,1,22:20,Bangalore,15656
4360,SpiceJet,SG- 488,11:15,Mumbai,11h 20m,1,22:35,Bangalore,17809
4366,Air India,AI-816,21:00,Mumbai,19h 15m,1,16:15,Bangalore,20853
4367,Air India,AI-888,19:00,Mumbai,21h 15m,1,16:15,Bangalore,20853
4368,Air India,AI-816,21:00,Mumbai,23h 15m,1,20:15,Bangalore,20853
4369,Air India,AI-888,19:00,Mumbai,25h 15m,1,20:15,Bangalore,20853
4370,Vistara,UK-653,06:00,Mumbai,12h 15m,1,18:15,Bangalore,21903
4371,Vistara,UK-841,11:25,Mumbai,04h 30m,1,15:55,Bangalore,24633
4373,Indigo,6E- 179,11:25,Mumbai,04h 25m,1,15:50,Bangalore,27417
4374,GO FIRST,G8- 349,10:30,Mumbai,07h 15m,1,17:45,Bangalore,28345
4487,Vistara,UK-928,06:30,Mumbai,13h 00m,2,19:30,Bangalore,12136
4488,Vistara,UK-954,06:00,Mumbai,13h 30m,2,19:30,Bangalore,12136
4489,Vistara,UK-928,06:30,Mumbai,26h 15m,2,08:45,Bangalore,12136
4490,Vistara,UK-954,06:00,Mumbai,26h 45m,2,08:45,Bangalore,12136
4501,Vistara,UK-970,08:45,Mumbai,10h 45m,2,19:30,Bangalore,13356
4502,Vistara,UK-930,07:30,Mumbai,12h 00m,2,19:30,Bangalore,13356
4503,Vistara,UK-930,07:30,Mumbai,12h 00m,2,19:30,Bangalore,13356
4504,Vistara,UK-928,06:30,Mumbai,13h 00m,2,19:30,Bangalore,13356
4505,Vistara,UK-954,06:00,Mumbai,13h 30m,2,19:30,Bangalore,13356
4506,Vistara,UK-944,14:40,Mumbai,18h 05m,2,08:45,Bangalore,13356
4512,Vistara,UK-954,06:00,Mumbai,05h 50m,2,11:50,Bangalore,14057
4516,Air India,AI-633,05:45,Mumbai,18h 20m,2,00:05,Bangalore,14132
4517,Air India,AI-637,18:35,Mumbai,14h 20m,2,08:55,Bangalore,15010
4518,Vistara,UK-919,22:35,Mumbai,13h 15m,2,11:50,Bangalore,15107
4520,Air India,AI-633,05:45,Mumbai,14h 30m,2,20:15,Bangalore,15187
4525,Air India,AI-637,18:35,Mumbai,17h 55m,2,12:30,Bangalore,17756
4526,Air India,AI-615,06:00,Mumbai,10h 15m,2,16:15,Bangalore,18543
4527,Air India,AI-615,06:00,Mumbai,14h 15m,2,20:15,Bangalore,19593
4528,Air India,AI-615,06:00,Mumbai,12h 20m,2,18:20,Bangalore,20118
4529,Air India,AI-617,11:05,Mumbai,13h 00m,2,00:05,Bangalore,20223
4536,Vistara,UK-852,12:10,Mumbai,08h 15m,2,20:25,Bangalore,26123
